// Generated by fonts/fontconvert/fontconvert_unicode.py. DO NOT EDIT.
// Source: Dengb.ttf; 16pt at 141 DPI; 122 Unicode map entries.

const uint8_t Dengb_16pt8bBitmaps[] PROGMEM = {
  0xFF, 0xFF, 0xFF, 0xFF, 0xFF, 0xF8, 0x1F, 0xFE, 0xE3, 0xF1, 0xF8, 0xFC,
  0x7E, 0x3F, 0x1F, 0x8E, 0x03, 0x02, 0x00, 0xC1, 0x80, 0x30, 0x60, 0x0C,
  0x18, 0x06, 0x06, 0x01, 0x83, 0x87, 0xFF, 0xFD, 0xFF, 0xFF, 0x06, 0x0C,
  0x03, 0x03, 0x00, 0xC1, 0x80, 0x30, 0x60, 0x0C, 0x18, 0x3F, 0xFF, 0xEF,
  0xFF, 0xF8, 0x60, 0xC0, 0x18, 0x30, 0x06, 0x0C, 0x03, 0x03, 0x00, 0xC0,
  0x80, 0x30, 0x60, 0x00, 0x01, 0x80, 0x01, 0x80, 0x0F, 0xF0, 0x1F, 0xFC,
  0x3F, 0xFE, 0x7D, 0x9E, 0x79, 0x8F, 0x79, 0x8F, 0x79, 0x80, 0x7D, 0x80,
  0x3F, 0x80, 0x1F, 0xE0, 0x0F, 0xFC, 0x01, 0xFE, 0x01, 0x9E, 0x01, 0x8F,
  0x01, 0x8F, 0xF1, 0x8F, 0xF1, 0x8F, 0x79, 0x9F, 0x7F, 0xFE, 0x3F, 0xFC,
  0x0F, 0xF0, 0x01, 0x80, 0x01, 0x80, 0x30, 0x18, 0xF0, 0x63, 0x30, 0xC6,
  0x63, 0x8C, 0xC6, 0x19, 0x8C, 0x33, 0x30, 0x66, 0x6C, 0xCD, 0xBD, 0x9B,
  0xEF, 0x3F, 0x9B, 0x7B, 0x37, 0xB6, 0x66, 0xCC, 0xC1, 0x99, 0x86, 0x33,
  0x0C, 0x66, 0x38, 0xCC, 0x60, 0xD8, 0xC1, 0xE3, 0x01, 0x80, 0x01, 0xF8,
  0x00, 0x1F, 0xF8, 0x00, 0x71, 0xF0, 0x03, 0x83, 0xC0, 0x0E, 0x0F, 0x00,
  0x38, 0x3C, 0x00, 0xE1, 0xE0, 0x01, 0xCF, 0x00, 0x07, 0xF0, 0x00, 0x1F,
  0x81, 0x01, 0xFC, 0x07, 0x0F, 0x70, 0x3C, 0x78, 0xE0, 0xE3, 0xC1, 0xC3,
  0x8F, 0x07, 0x9C, 0x3C, 0x0F, 0xF0, 0xF0, 0x1F, 0x83, 0xE0, 0x7F, 0x07,
  0xFF, 0xFF, 0xCF, 0xFF, 0x7F, 0x0F, 0xE0, 0x7C, 0xFF, 0xFF, 0xF8, 0x07,
  0x87, 0x83, 0x83, 0x83, 0xC1, 0xC1, 0xE0, 0xE0, 0x70, 0x78, 0x3C, 0x1C,
  0x0E, 0x07, 0x03, 0x81, 0xC0, 0xE0, 0x78, 0x3C, 0x0E, 0x07, 0x03, 0xC0,
  0xE0, 0x78, 0x1C, 0x0F, 0x03, 0xC0, 0xF0, 0xF0, 0x70, 0x38, 0x3C, 0x1C,
  0x1E, 0x0E, 0x0E, 0x0F, 0x07, 0x07, 0x07, 0x07, 0x07, 0x07, 0x07, 0x07,
  0x07, 0x07, 0x0F, 0x0E, 0x0E, 0x1E, 0x1C, 0x3C, 0x38, 0x70, 0xF0, 0x07,
  0x00, 0x70, 0x06, 0x04, 0x62, 0xF6, 0xFF, 0xFF, 0x1F, 0x81, 0xF0, 0x1B,
  0x83, 0x98, 0x71, 0xC3, 0x08, 0x01, 0xC0, 0x01, 0xC0, 0x01, 0xC0, 0x01,
  0xC0, 0x01, 0xC0, 0x01, 0xC0, 0x01, 0xC0, 0xFF, 0xFF, 0xFF, 0xFF, 0xFF,
  0xFF, 0x01, 0xC0, 0x01, 0xC0, 0x01, 0xC0, 0x01, 0xC0, 0x01, 0xC0, 0x01,
  0xC0, 0xFF, 0xFF, 0x37, 0x6E, 0xFF, 0xFF, 0xFF, 0xE0, 0xFF, 0xFF, 0x00,
  0x38, 0x03, 0x80, 0x1C, 0x01, 0xE0, 0x0E, 0x00, 0x70, 0x07, 0x00, 0x38,
  0x03, 0xC0, 0x1C, 0x00, 0xE0, 0x0E, 0x00, 0x70, 0x07, 0x00, 0x38, 0x03,
  0xC0, 0x1C, 0x00, 0xE0, 0x0E, 0x00, 0x70, 0x07, 0x80, 0x38, 0x01, 0xC0,
  0x1C, 0x00, 0x0F, 0xE0, 0x3F, 0xE0, 0xFF, 0xE3, 0xE3, 0xE7, 0x83, 0xCE,
  0x07, 0xBC, 0x07, 0xF8, 0x0F, 0xF0, 0x1F, 0xE0, 0x3F, 0xC0, 0x7F, 0x80,
  0xFF, 0x01, 0xFE, 0x03, 0xFC, 0x07, 0xBC, 0x1E, 0x78, 0x3C, 0xF8, 0xF8,
  0xFF, 0xE0, 0xFF, 0x80, 0xFC, 0x00, 0x03, 0xC0, 0x3F, 0x03, 0xFC, 0x1E,
  0xF0, 0x73, 0xC1, 0x0F, 0x00, 0x3C, 0x00, 0xF0, 0x03, 0xC0, 0x0F, 0x00,
  0x3C, 0x00, 0xF0, 0x03, 0xC0, 0x0F, 0x00, 0x3C, 0x00, 0xF0, 0x03, 0xC0,
  0x0F, 0x0F, 0xFF, 0xFF, 0xFF, 0xFF, 0xFC, 0x0F, 0xE0, 0x3F, 0xF0, 0xFF,
  0xF3, 0xC1, 0xFF, 0x01, 0xFE, 0x03, 0xC0, 0x07, 0x80, 0x0F, 0x00, 0x3C,
  0x00, 0xF8, 0x03, 0xE0, 0x0F, 0x80, 0x7C, 0x01, 0xF0, 0x07, 0x80, 0x1E,
  0x00, 0x78, 0x00, 0xE0, 0x03, 0xFF, 0xFF, 0xFF, 0xFF, 0xFF, 0xE0, 0x0F,
  0xE0, 0x7F, 0xF1, 0xFF, 0xF3, 0xC1, 0xFF, 0x01, 0xFE, 0x03, 0xC0, 0x07,
  0x80, 0x0F, 0x00, 0x7C, 0x0F, 0xF0, 0x1F, 0x80, 0x3F, 0xC0, 0x07, 0xC0,
  0x03, 0xC0, 0x07, 0xF8, 0x0F, 0xF0, 0x1E, 0xF0, 0x7D, 0xFF, 0xF1, 0xFF,
  0xC0, 0xFE, 0x00, 0x00, 0x78, 0x00, 0xF8, 0x01, 0xF8, 0x01, 0xF8, 0x03,
  0x78, 0x07, 0x78, 0x06, 0x78, 0x0E, 0x78, 0x0C, 0x78, 0x1C, 0x78, 0x38,
  0x78, 0x30, 0x78, 0x70, 0x78, 0xE0, 0x78, 0xFF, 0xFF, 0xFF, 0xFF, 0xFF,
  0xFF, 0x00, 0x78, 0x00, 0x78, 0x00, 0x78, 0x00, 0x78, 0x3F, 0xFC, 0x7F,
  0xF8, 0xFF, 0xF3, 0xC0, 0x07, 0x80, 0x0F, 0x00, 0x1E, 0x00, 0x3D, 0xF8,
  0x7F, 0xF8, 0xFF, 0xF9, 0xE1, 0xF0, 0x01, 0xF0, 0x01, 0xE0, 0x03, 0xC0,
  0x07, 0xF8, 0x0F, 0xF0, 0x3E, 0xF0, 0xF9, 0xFF, 0xF1, 0xFF, 0x80, 0xFC,
  0x00, 0x07, 0xE0, 0x3F, 0xE0, 0xFF, 0xE1, 0xE1, 0xE7, 0x81, 0xCF, 0x00,
  0x3C, 0x00, 0x78, 0x00, 0xF3, 0xF1, 0xEF, 0xF3, 0xFF, 0xF7, 0xC1, 0xFF,
  0x01, 0xFE, 0x03, 0xFC, 0x07, 0xB8, 0x0F, 0x78, 0x1E, 0xF8, 0x78, 0xFF,
  0xF0, 0xFF, 0xC0, 0x7E, 0x00, 0xFF, 0xFF, 0xFF, 0xFF, 0xFF, 0xC0, 0x0E,
  0x00, 0x78, 0x03, 0xC0, 0x0F, 0x00, 0x78, 0x01, 0xC0, 0x0F, 0x00, 0x38,
  0x01, 0xE0, 0x07, 0x00, 0x3C, 0x00, 0xF0, 0x03, 0x80, 0x1E, 0x00, 0x78,
  0x01, 0xE0, 0x07, 0x80, 0x1E, 0x00, 0x0F, 0xE0, 0x7F, 0xF1, 0xFF, 0xF7,
  0xC1, 0xFF, 0x01, 0xFE, 0x03, 0xFC, 0x07, 0xB8, 0x0E, 0x78, 0x3C, 0x3F,
  0xE0, 0x7F, 0xE3, 0xFF, 0xE7, 0x83, 0xDE, 0x03, 0xFC, 0x07, 0xF8, 0x0F,
  0xF0, 0x1F, 0xF0, 0x7D, 0xFF, 0xF1, 0xFF, 0xC0, 0xFE, 0x00, 0x0F, 0xC0,
  0x7F, 0xE1, 0xFF, 0xE3, 0xC3, 0xEF, 0x83, 0xDE, 0x03, 0xBC, 0x07, 0xF8,
  0x0F, 0xF0, 0x1F, 0xF0, 0x7D, 0xF1, 0xFB, 0xFF, 0xF3, 0xFD, 0xE3, 0xF3,
  0xC0, 0x07, 0x80, 0x1E, 0xF0, 0x3D, 0xF0, 0xF1, 0xFF, 0xE1, 0xFF, 0x81,
  0xFC, 0x00, 0xFF, 0xFF, 0x00, 0x00, 0x00, 0x0F, 0xFF, 0xF0, 0xFF, 0xFF,
  0x00, 0x00, 0x00, 0x0F, 0xFF, 0xF3, 0x36, 0xE0, 0x00, 0x01, 0x00, 0x0F,
  0x00, 0x7F, 0x01, 0xFC, 0x0F, 0xF0, 0x7F, 0x80, 0xFC, 0x00, 0xF0, 0x00,
  0xF0, 0x00, 0xFE, 0x00, 0x7F, 0x80, 0x0F, 0xF0, 0x01, 0xFC, 0x00, 0x7F,
  0x00, 0x0F, 0x00, 0x01, 0xFF, 0xFF, 0xFF, 0xFF, 0xFF, 0xFF, 0x00, 0x00,
  0x00, 0x00, 0x00, 0x00, 0x00, 0x00, 0xFF, 0xFF, 0xFF, 0xFF, 0xFF, 0xFF,
  0x80, 0x00, 0xF0, 0x00, 0xFC, 0x00, 0x3F, 0x80, 0x0F, 0xF0, 0x01, 0xFC,
  0x00, 0x7F, 0x00, 0x0F, 0x00, 0x0F, 0x00, 0x7F, 0x01, 0xFC, 0x0F, 0xF0,
  0x3F, 0x80, 0xFC, 0x00, 0xF0, 0x00, 0x80, 0x00, 0x0F, 0xC0, 0xFF, 0xC7,
  0xFF, 0x9E, 0x1F, 0xF0, 0x3F, 0xC0, 0xF0, 0x03, 0xC0, 0x0F, 0x00, 0x78,
  0x03, 0xE0, 0x1F, 0x00, 0xF0, 0x03, 0x80, 0x1E, 0x00, 0x70, 0x00, 0x00,
  0x00, 0x00, 0x00, 0x00, 0xE0, 0x03, 0x80, 0x0E, 0x00, 0x00, 0x1F, 0xE0,
  0x00, 0x3F, 0xFE, 0x00, 0x3F, 0x03, 0xE0, 0x1E, 0x00, 0x3C, 0x0E, 0x00,
  0x07, 0x07, 0x00, 0x00, 0xE3, 0x80, 0x00, 0x1C, 0xC0, 0x7C, 0xE7, 0x70,
  0x7F, 0xF8, 0xD8, 0x38, 0x7C, 0x36, 0x0C, 0x0F, 0x0F, 0x87, 0x03, 0xC3,
  0xE1, 0x80, 0xE0, 0xF8, 0xE0, 0x38, 0x3C, 0x38, 0x0E, 0x0F, 0x0E, 0x07,
  0x87, 0xE3, 0x81, 0xC1, 0xB8, 0xE0, 0xF0, 0xEE, 0x1C, 0x6C, 0x71, 0x87,
  0xF3, 0xF8, 0x70, 0xF8, 0x7C, 0x0C, 0x00, 0x00, 0x03, 0x80, 0x00, 0xC0,
  0x78, 0x00, 0xF0, 0x0F, 0x81, 0xF8, 0x00, 0xFF, 0xF8, 0x00, 0x0F, 0xF0,
  0x00, 0x00, 0xF8, 0x00, 0x07, 0xC0, 0x00, 0x7F, 0x00, 0x03, 0xB8, 0x00,
  0x3D, 0xE0, 0x01, 0xEF, 0x00, 0x0E, 0x38, 0x00, 0xF1, 0xE0, 0x07, 0x07,
  0x00, 0x38, 0x38, 0x03, 0xC1, 0xE0, 0x1C, 0x07, 0x01, 0xFF, 0xFC, 0x0F,
  0xFF, 0xE0, 0x7F, 0xFF, 0x07, 0x80, 0x3C, 0x38, 0x00, 0xE3, 0xC0, 0x07,
  0x9E, 0x00, 0x3C, 0xE0, 0x00, 0xEF, 0x00, 0x07, 0x80, 0xFF, 0xC1, 0xFF,
  0xE3, 0xFF, 0xE7, 0x83, 0xEF, 0x03, 0xDE, 0x07, 0xBC, 0x0F, 0x78, 0x1E,
  0xF0, 0x79, 0xFF, 0xE3, 0xFF, 0x87, 0xFF, 0xCF, 0x07, 0xDE, 0x03, 0xFC,
  0x07, 0xF8, 0x0F, 0xF0, 0x1F, 0xE0, 0xFF, 0xFF, 0xF7, 0xFF, 0xCF, 0xFE,
  0x00, 0x03, 0xF0, 0x07, 0xFE, 0x07, 0xFF, 0x87, 0xC1, 0xE7, 0xC0, 0x7B,
  0xC0, 0x33, 0xE0, 0x01, 0xE0, 0x00, 0xF0, 0x00, 0x78, 0x00, 0x3C, 0x00,
  0x1E, 0x00, 0x0F, 0x00, 0x07, 0x80, 0x03, 0xE0, 0x08, 0xF0, 0x0F, 0x7C,
  0x0F, 0x1F, 0x0F, 0x87, 0xFF, 0x81, 0xFF, 0x80, 0x3F, 0x00, 0xFF, 0xE0,
  0x3F, 0xFF, 0x0F, 0xFF, 0xE3, 0xC0, 0xFC, 0xF0, 0x0F, 0xBC, 0x01, 0xEF,
  0x00, 0x7F, 0xC0, 0x0F, 0xF0, 0x03, 0xFC, 0x00, 0xFF, 0x00, 0x3F, 0xC0,
  0x0F, 0xF0, 0x03, 0xFC, 0x00, 0xFF, 0x00, 0x7B, 0xC0, 0x1E, 0xF0, 0x0F,
  0x3C, 0x0F, 0xCF, 0xFF, 0xE3, 0xFF, 0xF0, 0xFF, 0xE0, 0x00, 0xFF, 0xEF,
  0xFE, 0xFF, 0xEF, 0x00, 0xF0, 0x0F, 0x00, 0xF0, 0x0F, 0x00, 0xF0, 0x0F,
  0xFC, 0xFF, 0xCF, 0xFC, 0xF0, 0x0F, 0x00, 0xF0, 0x0F, 0x00, 0xF0, 0x0F,
  0x00, 0xFF, 0xFF, 0xFF, 0xFF, 0xF0, 0xFF, 0xFF, 0xFF, 0xFF, 0xFF, 0x00,
  0xF0, 0x0F, 0x00, 0xF0, 0x0F, 0x00, 0xF0, 0x0F, 0xFF, 0xFF, 0xFF, 0xFF,
  0xF0, 0x0F, 0x00, 0xF0, 0x0F, 0x00, 0xF0, 0x0F, 0x00, 0xF0, 0x0F, 0x00,
  0xF0, 0x00, 0x03, 0xF8, 0x03, 0xFF, 0x81, 0xFF, 0xF8, 0xF8, 0x3E, 0x7C,
  0x03, 0xDE, 0x00, 0xCF, 0x80, 0x03, 0xC0, 0x00, 0xF0, 0x00, 0x3C, 0x00,
  0x0F, 0x07, 0xFF, 0xC1, 0xFF, 0xF0, 0x7F, 0xFC, 0x00, 0xFF, 0x80, 0x3D,
  0xE0, 0x0F, 0x7C, 0x03, 0xCF, 0x83, 0xF1, 0xFF, 0xF8, 0x3F, 0xFC, 0x03,
  0xF8, 0x00, 0xF0, 0x03, 0xFC, 0x00, 0xFF, 0x00, 0x3F, 0xC0, 0x0F, 0xF0,
  0x03, 0xFC, 0x00, 0xFF, 0x00, 0x3F, 0xC0, 0x0F, 0xF0, 0x03, 0xFF, 0xFF,
  0xFF, 0xFF, 0xFF, 0xFF, 0xFF, 0xF0, 0x03, 0xFC, 0x00, 0xFF, 0x00, 0x3F,
  0xC0, 0x0F, 0xF0, 0x03, 0xFC, 0x00, 0xFF, 0x00, 0x3F, 0xC0, 0x0F, 0xF0,
  0x03, 0xC0, 0xFF, 0xFF, 0xFF, 0xFF, 0xFF, 0xFF, 0xFF, 0xFF, 0xFF, 0xFF,
  0xF0, 0x3F, 0xCF, 0xF3, 0xFC, 0x0F, 0x03, 0xC0, 0xF0, 0x3C, 0x0F, 0x03,
  0xC0, 0xF0, 0x3C, 0x0F, 0x03, 0xC0, 0xF0, 0x3C, 0x0F, 0x03, 0xC1, 0xEF,
  0xFB, 0xFC, 0xFC, 0x00, 0xF0, 0x1E, 0xF0, 0x3C, 0xF0, 0x78, 0xF0, 0x78,
  0xF0, 0xF0, 0xF1, 0xE0, 0xF3, 0xC0, 0xF3, 0x80, 0xF7, 0x00, 0xFF, 0x00,
  0xFF, 0x80, 0xFF, 0xC0, 0xFB, 0xC0, 0xF1, 0xE0, 0xF0, 0xF0, 0xF0, 0xF0,
  0xF0, 0x78, 0xF0, 0x7C, 0xF0, 0x3C, 0xF0, 0x1E, 0xF0, 0x1F, 0xF0, 0x0F,
  0x00, 0xF0, 0x0F, 0x00, 0xF0, 0x0F, 0x00, 0xF0, 0x0F, 0x00, 0xF0, 0x0F,
  0x00, 0xF0, 0x0F, 0x00, 0xF0, 0x0F, 0x00, 0xF0, 0x0F, 0x00, 0xF0, 0x0F,
  0x00, 0xFF, 0xFF, 0xFF, 0xFF, 0xF0, 0xF8, 0x00, 0x1F, 0xFC, 0x00, 0x3F,
  0xFC, 0x00, 0x3F, 0xFE, 0x00, 0x7F, 0xFE, 0x00, 0x7F, 0xF6, 0x00, 0x6F,
  0xF7, 0x00, 0xEF, 0xF7, 0x00, 0xEF, 0xF3, 0x81, 0xCF, 0xF3, 0x81, 0xCF,
  0xF1, 0xC1, 0x8F, 0xF1, 0xC3, 0x8F, 0xF1, 0xC3, 0x8F, 0xF0, 0xE7, 0x0F,
  0xF0, 0xE7, 0x0F, 0xF0, 0x77, 0x0F, 0xF0, 0x7E, 0x0F, 0xF0, 0x7E, 0x0F,
  0xF0, 0x3C, 0x0F, 0xF0, 0x3C, 0x0F, 0xF0, 0x1C, 0x0F, 0xF8, 0x01, 0xFF,
  0x00, 0x3F, 0xF0, 0x07, 0xFF, 0x00, 0xFF, 0xE0, 0x1F, 0xEE, 0x03, 0xFD,
  0xC0, 0x7F, 0x9C, 0x0F, 0xF1, 0xC1, 0xFE, 0x38, 0x3F, 0xC3, 0x87, 0xF8,
  0x30, 0xFF, 0x07, 0x1F, 0xE0, 0x73, 0xFC, 0x0E, 0x7F, 0x80, 0xEF, 0xF0,
  0x0F, 0xFE, 0x01, 0xFF, 0xC0, 0x1F, 0xF8, 0x01, 0xFF, 0x00, 0x3E, 0x01,
  0xFC, 0x00, 0x7F, 0xFC, 0x07, 0xFF, 0xF0, 0x7E, 0x0F, 0xC7, 0xC0, 0x1F,
  0x3C, 0x00, 0x79, 0xE0, 0x03, 0xDE, 0x00, 0x0F, 0xF0, 0x00, 0x7F, 0x80,
  0x03, 0xFC, 0x00, 0x1F, 0xE0, 0x00, 0xFF, 0x00, 0x07, 0xF8, 0x00, 0x3D,
  0xE0, 0x03, 0xCF, 0x00, 0x1E, 0x7C, 0x01, 0xE1, 0xF8, 0x3F, 0x07, 0xFF,
  0xF0, 0x1F, 0xFE, 0x00, 0x1F, 0xC0, 0x00, 0xFF, 0xC3, 0xFF, 0xCF, 0xFF,
  0xBC, 0x3E, 0xF0, 0x3F, 0xC0, 0xFF, 0x03, 0xFC, 0x0F, 0xF0, 0x7F, 0xC3,
  0xEF, 0xFF, 0xBF, 0xFC, 0xFF, 0xC3, 0xC0, 0x0F, 0x00, 0x3C, 0x00, 0xF0,
  0x03, 0xC0, 0x0F, 0x00, 0x3C, 0x00, 0xF0, 0x00, 0x01, 0xFC, 0x00, 0x7F,
  0xFC, 0x07, 0xFF, 0xF0, 0x7E, 0x0F, 0xC7, 0xC0, 0x1F, 0x3C, 0x00, 0x79,
  0xE0, 0x03, 0xDE, 0x00, 0x0F, 0xF0, 0x00, 0x7F, 0x80, 0x03, 0xFC, 0x00,
  0x1F, 0xE0, 0x00, 0xFF, 0x00, 0x07, 0xF8, 0x00, 0x3D, 0xE0, 0x03, 0xCF,
  0x00, 0x1E, 0x7C, 0x01, 0xE1, 0xF8, 0x3F, 0x07, 0xFF, 0xF0, 0x1F, 0xFF,
  0x00, 0x3F, 0xC0, 0x00, 0x3C, 0x00, 0x00, 0xF0, 0x00, 0x07, 0xC0, 0x00,
  0x1F, 0xE0, 0x00, 0x7F, 0x00, 0x01, 0xF8, 0xFF, 0xE0, 0xFF, 0xF8, 0xFF,
  0xFC, 0xF0, 0x7C, 0xF0, 0x3E, 0xF0, 0x1E, 0xF0, 0x1E, 0xF0, 0x1E, 0xF0,
  0x3E, 0xF0, 0x7C, 0xFF, 0xFC, 0xFF, 0xF8, 0xFF, 0xC0, 0xF1, 0xE0, 0xF0,
  0xE0, 0xF0, 0x70, 0xF0, 0x78, 0xF0, 0x3C, 0xF0, 0x3C, 0xF0, 0x1E, 0xF0,
  0x0F, 0x0F, 0xE0, 0x3F, 0xE0, 0xFF, 0xE3, 0xE1, 0xE7, 0x81, 0xCF, 0x00,
  0x1E, 0x00, 0x3E, 0x00, 0x3F, 0x00, 0x7F, 0xC0, 0x3F, 0xE0, 0x1F, 0xE0,
  0x07, 0xE0, 0x07, 0xC0, 0x07, 0xF0, 0x0F, 0xF0, 0x1E, 0xF0, 0x7D, 0xFF,
  0xF1, 0xFF, 0xC0, 0xFE, 0x00, 0xFF, 0xFF, 0xFF, 0xFF, 0xFF, 0xFF, 0xE0,
  0x3C, 0x00, 0x1E, 0x00, 0x0F, 0x00, 0x07, 0x80, 0x03, 0xC0, 0x01, 0xE0,
  0x00, 0xF0, 0x00, 0x78, 0x00, 0x3C, 0x00, 0x1E, 0x00, 0x0F, 0x00, 0x07,
  0x80, 0x03, 0xC0, 0x01, 0xE0, 0x00, 0xF0, 0x00, 0x78, 0x00, 0x3C, 0x00,
  0x1E, 0x00, 0xF0, 0x03, 0xFC, 0x00, 0xFF, 0x00, 0x3F, 0xC0, 0x0F, 0xF0,
  0x03, 0xFC, 0x00, 0xFF, 0x00, 0x3F, 0xC0, 0x0F, 0xF0, 0x03, 0xFC, 0x00,
  0xFF, 0x00, 0x3F, 0xC0, 0x0F, 0xF0, 0x03, 0xFC, 0x00, 0xFF, 0x00, 0x3F,
  0xE0, 0x1F, 0x78, 0x07, 0x9F, 0x87, 0xE3, 0xFF, 0xF0, 0x7F, 0xF8, 0x07,
  0xF8, 0x00, 0xF0, 0x00, 0xF7, 0x00, 0x0E, 0x78, 0x01, 0xE7, 0x80, 0x1E,
  0x38, 0x01, 0xC3, 0xC0, 0x3C, 0x3C, 0x03, 0xC1, 0xE0, 0x78, 0x1E, 0x07,
  0x80, 0xE0, 0x70, 0x0F, 0x0F, 0x00, 0xF0, 0xF0, 0x07, 0x0E, 0x00, 0x79,
  0xE0, 0x03, 0x9E, 0x00, 0x39, 0xC0, 0x03, 0xFC, 0x00, 0x1F, 0x80, 0x01,
  0xF8, 0x00, 0x1F, 0x80, 0x00, 0xF0, 0x00, 0xF0, 0x07, 0x80, 0x3F, 0xC0,
  0x1E, 0x00, 0xF7, 0x00, 0xF8, 0x03, 0x9E, 0x03, 0xF0, 0x1E, 0x78, 0x0F,
  0xC0, 0x78, 0xE0, 0x3F, 0x01, 0xC3, 0xC1, 0xCE, 0x0F, 0x0F, 0x07, 0x38,
  0x3C, 0x3C, 0x1C, 0xE0, 0xF0, 0x70, 0xF3, 0xC3, 0x81, 0xE3, 0x87, 0x1E,
  0x07, 0x8E, 0x1C, 0x78, 0x1E, 0x38, 0x71, 0xC0, 0x39, 0xC0, 0xE7, 0x00,
  0xF7, 0x03, 0xBC, 0x03, 0xDC, 0x0E, 0xF0, 0x07, 0x60, 0x3B, 0x80, 0x1F,
  0x80, 0x7E, 0x00, 0x7E, 0x01, 0xF8, 0x01, 0xF8, 0x07, 0xC0, 0x03, 0xC0,
  0x0F, 0x00, 0x78, 0x03, 0xC7, 0x00, 0x70, 0xF0, 0x1E, 0x0F, 0x07, 0x80,
  0xE0, 0xE0, 0x1E, 0x3C, 0x01, 0xEF, 0x00, 0x1D, 0xC0, 0x03, 0xF8, 0x00,
  0x3E, 0x00, 0x07, 0xC0, 0x01, 0xFC, 0x00, 0x3B, 0xC0, 0x0F, 0x78, 0x03,
  0xC7, 0x80, 0x70, 0x70, 0x1E, 0x0F, 0x07, 0x80, 0xF0, 0xE0, 0x0E, 0x3C,
  0x01, 0xEF, 0x00, 0x1E, 0xF0, 0x03, 0xDE, 0x01, 0xE7, 0x80, 0x78, 0xF0,
  0x3C, 0x1C, 0x0E, 0x07, 0x87, 0x80, 0xE1, 0xC0, 0x3C, 0xF0, 0x07, 0xB8,
  0x01, 0xFE, 0x00, 0x3F, 0x00, 0x07, 0xC0, 0x01, 0xE0, 0x00, 0x78, 0x00,
  0x1E, 0x00, 0x07, 0x80, 0x01, 0xE0, 0x00, 0x78, 0x00, 0x1E, 0x00, 0x07,
  0x80, 0x01, 0xE0, 0x00, 0x7F, 0xFE, 0x7F, 0xFE, 0x7F, 0xFE, 0x00, 0x1C,
  0x00, 0x3C, 0x00, 0x78, 0x00, 0x70, 0x00, 0xF0, 0x01, 0xE0, 0x03, 0xC0,
  0x03, 0x80, 0x07, 0x80, 0x0F, 0x00, 0x1E, 0x00, 0x1C, 0x00, 0x3C, 0x00,
  0x78, 0x00, 0x70, 0x00, 0xFF, 0xFF, 0xFF, 0xFF, 0xFF, 0xFF, 0xFF, 0xFF,
  0xE0, 0xE0, 0xE0, 0xE0, 0xE0, 0xE0, 0xE0, 0xE0, 0xE0, 0xE0, 0xE0, 0xE0,
  0xE0, 0xE0, 0xE0, 0xE0, 0xE0, 0xE0, 0xE0, 0xE0, 0xE0, 0xE0, 0xE0, 0xE0,
  0xFF, 0xFF, 0xF0, 0x03, 0x80, 0x1E, 0x00, 0xF0, 0x03, 0x80, 0x1E, 0x00,
  0x70, 0x03, 0xC0, 0x0E, 0x00, 0x78, 0x03, 0xC0, 0x0E, 0x00, 0x78, 0x01,
  0xC0, 0x0F, 0x00, 0x38, 0x01, 0xE0, 0x0F, 0x00, 0x3C, 0x01, 0xE0, 0x07,
  0x00, 0x3C, 0xFF, 0xFC, 0x38, 0x70, 0xE1, 0xC3, 0x87, 0x0E, 0x1C, 0x38,
  0x70, 0xE1, 0xC3, 0x87, 0x0E, 0x1C, 0x38, 0x70, 0xE1, 0xC3, 0x87, 0x0E,
  0x1F, 0xFF, 0xF0, 0x03, 0xC0, 0x07, 0xE0, 0x07, 0xE0, 0x06, 0x60, 0x0E,
  0x70, 0x0C, 0x30, 0x1C, 0x38, 0x1C, 0x38, 0x38, 0x1C, 0x38, 0x1C, 0x70,
  0x0C, 0x70, 0x0E, 0x60, 0x06, 0xE0, 0x07, 0xFF, 0xF8, 0xF0, 0xF0, 0xE0,
  0xE0, 0xE0, 0x0F, 0xC1, 0xFF, 0x9F, 0xFC, 0xF0, 0xF0, 0x03, 0x80, 0x1C,
  0x3F, 0xE7, 0xFF, 0x7F, 0xFF, 0xC1, 0xFC, 0x0F, 0xE0, 0xFF, 0xFF, 0xBF,
  0xFC, 0xFC, 0xE0, 0xE0, 0x00, 0xE0, 0x00, 0xE0, 0x00, 0xE0, 0x00, 0xE0,
  0x00, 0xE0, 0x00, 0xE0, 0x00, 0xE3, 0xF0, 0xEF, 0xFC, 0xFF, 0xFE, 0xF8,
  0x3E, 0xF0, 0x1F, 0xE0, 0x0F, 0xE0, 0x0F, 0xE0, 0x0F, 0xE0, 0x0F, 0xE0,
  0x0F, 0xF0, 0x1F, 0xF8, 0x3E, 0xFF, 0xFC, 0xEF, 0xF8, 0xE7, 0xF0, 0x0F,
  0xC1, 0xFF, 0x1F, 0xFC, 0xE1, 0xFF, 0x07, 0xF0, 0x03, 0x80, 0x1C, 0x00,
  0xE0, 0x07, 0x00, 0x3C, 0x1E, 0xF1, 0xF7, 0xFF, 0x1F, 0xF0, 0x3F, 0x00,
  0x00, 0x0E, 0x00, 0x1C, 0x00, 0x38, 0x00, 0x70, 0x00, 0xE0, 0x01, 0xC0,
  0x03, 0x87, 0xE7, 0x3F, 0xEE, 0xFF, 0xFD, 0xF0, 0xFF, 0xC0, 0xFF, 0x00,
  0xFE, 0x01, 0xFC, 0x03, 0xF8, 0x07, 0xF0, 0x0F, 0xF0, 0x3D, 0xF0, 0xFB,
  0xFF, 0xF3, 0xFE, 0xE1, 0xF9, 0xC0, 0x0F, 0xE0, 0x3F, 0xE1, 0xFF, 0xE3,
  0xE1, 0xEF, 0x01, 0xDE, 0x03, 0xFF, 0xFF, 0xFF, 0xFF, 0xFF, 0xFF, 0xE0,
  0x03, 0xC0, 0x23, 0xE1, 0xF3, 0xFF, 0xC3, 0xFF, 0x03, 0xF8, 0x00, 0x07,
  0xE1, 0xFC, 0x7F, 0x8F, 0x01, 0xC0, 0x38, 0x07, 0x07, 0xFE, 0xFF, 0xDF,
  0xF8, 0x70, 0x0E, 0x01, 0xC0, 0x38, 0x07, 0x00, 0xE0, 0x1C, 0x03, 0x80,
  0x70, 0x0E, 0x01, 0xC0, 0x38, 0x00, 0x0F, 0x8E, 0x7F, 0xDD, 0xFF, 0xFB,
  0xE1, 0xFF, 0x81, 0xFE, 0x01, 0xFC, 0x03, 0xF8, 0x07, 0xF0, 0x0F, 0xE0,
  0x1F, 0xE0, 0x7B, 0xE1, 0xF7, 0xFF, 0xE7, 0xFD, 0xC3, 0xE3, 0x80, 0x07,
  0x78, 0x1E, 0xF8, 0x78, 0xFF, 0xF0, 0xFF, 0xC0, 0xFE, 0x00, 0xE0, 0x03,
  0x80, 0x0E, 0x00, 0x38, 0x00, 0xE0, 0x03, 0x80, 0x0E, 0x00, 0x38, 0xF8,
  0xEF, 0xFB, 0xFF, 0xEF, 0x83, 0xFC, 0x07, 0xE0, 0x1F, 0x80, 0x7E, 0x01,
  0xF8, 0x07, 0xE0, 0x1F, 0x80, 0x7E, 0x01, 0xF8, 0x07, 0xE0, 0x1F, 0x80,
  0x70, 0xFF, 0x80, 0x07, 0xFF, 0xFF, 0xFF, 0xFF, 0xFF, 0xC0, 0x1C, 0x71,
  0xC0, 0x00, 0x00, 0x07, 0x1C, 0x71, 0xC7, 0x1C, 0x71, 0xC7, 0x1C, 0x71,
  0xC7, 0x1C, 0x71, 0xC7, 0x3F, 0xFF, 0xBC, 0xE0, 0x03, 0x80, 0x0E, 0x00,
  0x38, 0x00, 0xE0, 0x03, 0x80, 0x0E, 0x00, 0x38, 0x1E, 0xE0, 0xF3, 0x87,
  0x8E, 0x3C, 0x39, 0xE0, 0xEF, 0x03, 0xFC, 0x0F, 0xF8, 0x3F, 0xE0, 0xE3,
  0xC3, 0x87, 0x8E, 0x1E, 0x38, 0x3C, 0xE0, 0x7B, 0x80, 0xF0, 0xFF, 0xFF,
  0xFF, 0xFF, 0xFF, 0xFF, 0xFF, 0xFF, 0xC0, 0xE7, 0xE1, 0xF1, 0xDF, 0xE7,
  0xFB, 0xFF, 0xDF, 0xF7, 0xC3, 0xF0, 0xFF, 0x03, 0xC0, 0xFC, 0x07, 0x01,
  0xF8, 0x0E, 0x03, 0xF0, 0x1C, 0x07, 0xE0, 0x38, 0x0F, 0xC0, 0x70, 0x1F,
  0x80, 0xE0, 0x3F, 0x01, 0xC0, 0x7E, 0x03, 0x80, 0xFC, 0x07, 0x01, 0xF8,
  0x0E, 0x03, 0x80, 0xE3, 0xE3, 0xBF, 0xEF, 0xFF, 0xBE, 0x0F, 0xF0, 0x3F,
  0x80, 0x7E, 0x01, 0xF8, 0x07, 0xE0, 0x1F, 0x80, 0x7E, 0x01, 0xF8, 0x07,
  0xE0, 0x1F, 0x80, 0x7E, 0x01, 0xC0, 0x07, 0xF0, 0x0F, 0xFE, 0x0F, 0xFF,
  0x8F, 0x83, 0xEF, 0x80, 0xFF, 0x80, 0x3F, 0xC0, 0x1F, 0xE0, 0x0F, 0xF0,
  0x07, 0xF8, 0x03, 0xFE, 0x03, 0xCF, 0x83, 0xE3, 0xFF, 0xE0, 0xFF, 0xE0,
  0x1F, 0xC0, 0xE7, 0xF0, 0xFF, 0xFC, 0xFF, 0xFE, 0xF8, 0x3E, 0xF0, 0x1F,
  0xE0, 0x0F, 0xE0, 0x0F, 0xE0, 0x0F, 0xE0, 0x0F, 0xE0, 0x0F, 0xF0, 0x1F,
  0xF8, 0x3E, 0xFF, 0xFC, 0xEF, 0xF8, 0xE3, 0xF0, 0xE0, 0x00, 0xE0, 0x00,
  0xE0, 0x00, 0xE0, 0x00, 0xE0, 0x00, 0xE0, 0x00, 0x0F, 0xCE, 0x7F, 0xFD,
  0xFF, 0xFB, 0xE1, 0xFF, 0x81, 0xFE, 0x01, 0xFC, 0x03, 0xF8, 0x07, 0xF0,
  0x0F, 0xE0, 0x1F, 0xE0, 0x7B, 0xE1, 0xF7, 0xFF, 0xE7, 0xFD, 0xC3, 0xE3,
  0x80, 0x07, 0x00, 0x0E, 0x00, 0x1C, 0x00, 0x38, 0x00, 0x70, 0x00, 0xE0,
  0xE7, 0xF7, 0xFF, 0xFF, 0x0F, 0x07, 0x83, 0x81, 0xC0, 0xE0, 0x70, 0x38,
  0x1C, 0x0E, 0x07, 0x03, 0x80, 0x0F, 0xC3, 0xFE, 0x7F, 0xF7, 0x0F, 0x70,
  0x07, 0x80, 0x3F, 0x83, 0xFE, 0x07, 0xF0, 0x0F, 0x00, 0x7F, 0x07, 0xFF,
  0xF7, 0xFE, 0x3F, 0x80, 0x18, 0x0C, 0x0E, 0x07, 0x0F, 0xFF, 0xFF, 0xFE,
  0x70, 0x38, 0x1C, 0x0E, 0x07, 0x03, 0x81, 0xC0, 0xE0, 0x70, 0x3F, 0x8F,
  0xC3, 0xE0, 0xE0, 0x3F, 0x01, 0xF8, 0x0F, 0xC0, 0x7E, 0x03, 0xF0, 0x1F,
  0x80, 0xFC, 0x07, 0xE0, 0x3F, 0x01, 0xF8, 0x1F, 0xE1, 0xF7, 0xFF, 0xBF,
  0xDC, 0xFC, 0xE0, 0xF0, 0x0F, 0x70, 0x0E, 0x78, 0x1E, 0x78, 0x1E, 0x38,
  0x1C, 0x3C, 0x3C, 0x1C, 0x38, 0x1C, 0x38, 0x1E, 0x78, 0x0E, 0x70, 0x0E,
  0xF0, 0x0F, 0xE0, 0x07, 0xE0, 0x07, 0xE0, 0x03, 0xC0, 0xE0, 0x38, 0x0F,
  0xE0, 0xF8, 0x3D, 0xC1, 0xF0, 0x73, 0x83, 0x60, 0xE7, 0x8E, 0xE1, 0xC7,
  0x1D, 0xC7, 0x0E, 0x3B, 0x8E, 0x1C, 0x63, 0x1C, 0x3D, 0xC7, 0x78, 0x3B,
  0x8E, 0xE0, 0x76, 0x1D, 0xC0, 0xFC, 0x1F, 0x80, 0xF8, 0x3E, 0x01, 0xF0,
  0x7C, 0x03, 0xC0, 0x78, 0x00, 0x70, 0x1C, 0xF0, 0x78, 0xF1, 0xE0, 0xE3,
  0x80, 0xEE, 0x01, 0xFC, 0x01, 0xF0, 0x03, 0xC0, 0x07, 0xC0, 0x1D, 0xC0,
  0x7B, 0xC0, 0xE3, 0x83, 0x83, 0x8F, 0x07, 0xBC, 0x07, 0x80, 0xF0, 0x0F,
  0x70, 0x0E, 0x78, 0x1E, 0x78, 0x1E, 0x38, 0x1C, 0x3C, 0x3C, 0x1C, 0x38,
  0x1C, 0x38, 0x0E, 0x78, 0x0E, 0x70, 0x0F, 0x70, 0x07, 0xE0, 0x07, 0xE0,
  0x03, 0xE0, 0x03, 0xC0, 0x03, 0xC0, 0x07, 0x80, 0x0F, 0x80, 0x7F, 0x00,
  0x7E, 0x00, 0x7C, 0x00, 0x7F, 0xF3, 0xFF, 0x9F, 0xFC, 0x01, 0xE0, 0x1E,
  0x01, 0xE0, 0x1E, 0x01, 0xE0, 0x1E, 0x01, 0xE0, 0x1E, 0x01, 0xF0, 0x0F,
  0xFF, 0xFF, 0xFF, 0xFF, 0xE0, 0x03, 0xC1, 0xF0, 0xF8, 0x3C, 0x0E, 0x03,
  0x80, 0xE0, 0x38, 0x0E, 0x03, 0x80, 0xE0, 0x78, 0x3C, 0x3E, 0x0F, 0x80,
  0xF0, 0x1E, 0x03, 0x80, 0xE0, 0x38, 0x0E, 0x03, 0x80, 0xE0, 0x38, 0x0F,
  0x03, 0xE0, 0x7C, 0x0F, 0xFF, 0xFF, 0xFF, 0xFF, 0xFF, 0xFF, 0xFF, 0xFF,
  0xFF, 0xFF, 0xF0, 0xF0, 0x3E, 0x07, 0xC0, 0x70, 0x1C, 0x07, 0x01, 0xC0,
  0x70, 0x1C, 0x07, 0x01, 0xC0, 0x78, 0x0F, 0x01, 0xF0, 0x7C, 0x3C, 0x1E,
  0x07, 0x01, 0xC0, 0x70, 0x1C, 0x07, 0x01, 0xC0, 0x70, 0x1C, 0x1F, 0x0F,
  0x83, 0xC0, 0x7F, 0x01, 0xFF, 0xFF, 0xFF, 0xFF, 0x80, 0x7E, 0x3E, 0x3F,
  0xB8, 0xF8, 0x3C, 0x1E, 0x0F, 0x8C, 0xFE, 0x3E, 0x00, 0xFF, 0xFF, 0xFF,
  0xFF, 0xFF, 0xFF, 0xFF, 0xFF, 0xFF, 0xFF, 0x80, 0x00, 0x38, 0x00, 0x00,
  0x07, 0x00, 0x00, 0x00, 0xE0, 0x00, 0x00, 0x1C, 0x00, 0x00, 0x03, 0x80,
  0x00, 0x00, 0x70, 0x00, 0x00, 0x0E, 0x00, 0x00, 0x01, 0xC0, 0x00, 0x00,
  0x38, 0x01, 0xE0, 0x07, 0x07, 0xFC, 0x00, 0xEF, 0xFE, 0x00, 0x1F, 0xFC,
  0x00, 0x7F, 0xF8, 0x01, 0xFF, 0xF0, 0x00, 0x3F, 0xCE, 0x00, 0x07, 0x81,
  0xC0, 0x00, 0x80, 0x38, 0x00, 0x00, 0x07, 0x00, 0x00, 0x00, 0xE0, 0x00,
  0x00, 0x1C, 0x00, 0x00, 0x03, 0x80, 0x10, 0x00, 0x70, 0x03, 0x80, 0x0E,
  0x00, 0xF0, 0x01, 0xC0, 0x1C, 0x00, 0x3F, 0xFF, 0x80, 0x07, 0xFF, 0xE0,
  0x00, 0x3F, 0xF8, 0x00, 0x3F, 0xFF, 0xFF, 0x87, 0xFF, 0xFF, 0xF0, 0xFF,
  0xFF, 0xFE, 0x00, 0x00, 0x00, 0x00, 0x00, 0x00, 0x00, 0x00, 0x00, 0x00,
  0x00, 0x00, 0x00, 0x00, 0x00, 0x00, 0x00, 0x00, 0x00, 0x00, 0x01, 0xFF,
  0xFD, 0xC0, 0x3F, 0xFF, 0xF8, 0x07, 0xFF, 0xFF, 0x00, 0x00, 0x00, 0x00,
  0x00, 0x00, 0x00, 0x00, 0x00, 0x00, 0x00, 0x00, 0x00, 0x00, 0x00, 0x00,
  0x00, 0x00, 0x00, 0x00, 0x00, 0x00, 0x00, 0x00, 0x70, 0x00, 0x00, 0x7F,
  0xFF, 0xFF, 0xFF, 0xFF, 0xFF, 0xFF, 0xC0, 0x00, 0x3C, 0x00, 0x00, 0x07,
  0x80, 0x00, 0x00, 0xE0, 0x00, 0x00, 0x0C, 0x00, 0x00, 0x01, 0x80, 0x00,
  0x00, 0x30, 0x00, 0x00, 0x06, 0x00, 0x00, 0x00, 0xC0, 0x00, 0x00, 0x18,
  0x00, 0x00, 0x03, 0x00, 0x20, 0x00, 0x7F, 0xFC, 0x00, 0x0F, 0xFF, 0x80,
  0x01, 0x80, 0x00, 0x00, 0x30, 0x00, 0x00, 0x06, 0x00, 0x00, 0x00, 0xC0,
  0x00, 0x00, 0x18, 0x00, 0x00, 0x03, 0x00, 0x00, 0x00, 0x60, 0x00, 0x00,
  0x0C, 0x00, 0x00, 0x01, 0x80, 0x00, 0x00, 0x30, 0x00, 0x00, 0x06, 0x00,
  0x04, 0x00, 0xC0, 0x03, 0xFF, 0xFF, 0xFF, 0xFF, 0xFF, 0xFF, 0xFC, 0xE0,
  0x00, 0x00, 0xFF, 0xFF, 0xFF, 0xFF, 0xFF, 0xFF, 0xFF, 0x80, 0x0E, 0x00,
  0x00, 0x01, 0xC0, 0x00, 0x00, 0x38, 0x00, 0x00, 0x07, 0x00, 0x00, 0x00,
  0xE0, 0x00, 0x00, 0x1D, 0xE0, 0x00, 0x03, 0xBE, 0x00, 0x00, 0x71, 0xE0,
  0x00, 0x0E, 0x1E, 0x00, 0x01, 0xC1, 0xE0, 0x00, 0x38, 0x1E, 0x00, 0x07,
  0x01, 0xE0, 0x00, 0xE0, 0x1C, 0x00, 0x1C, 0x03, 0x00, 0x03, 0x80, 0x00,
  0x00, 0x70, 0x00, 0x00, 0x0E, 0x00, 0x00, 0x01, 0xC0, 0x00, 0x00, 0x38,
  0x00, 0x00, 0x07, 0x00, 0x00, 0x00, 0xE0, 0x00, 0x00, 0x1C, 0x00, 0x00,
  0x03, 0xC0, 0x00, 0x60, 0x00, 0x00, 0x17, 0xFF, 0xFF, 0xFF, 0x7F, 0xFF,
  0xFF, 0xF0, 0x00, 0x1C, 0x00, 0x00, 0x03, 0xC0, 0x00, 0x00, 0x78, 0x00,
  0x00, 0x07, 0x80, 0x00, 0x00, 0xF0, 0x00, 0x00, 0x1F, 0x10, 0x00, 0x01,
  0xF3, 0x80, 0x00, 0x3F, 0x7C, 0x00, 0x07, 0xF1, 0xE0, 0x00, 0xF7, 0x0F,
  0x00, 0x3E, 0x70, 0x78, 0x07, 0xC7, 0x03, 0xC1, 0xF8, 0x70, 0x1E, 0xFE,
  0x07, 0x00, 0xF7, 0xC0, 0x70, 0x07, 0x30, 0x07, 0x00, 0x20, 0x00, 0x70,
  0x00, 0x00, 0x07, 0x00, 0x00, 0x00, 0x70, 0x00, 0x00, 0x07, 0x00, 0x00,
  0x00, 0x70, 0x00, 0x00, 0x07, 0x00, 0x00, 0x00, 0x70, 0x00, 0x00, 0x07,
  0x00, 0x00, 0x10, 0x00, 0x00, 0x21, 0xFF, 0xFF, 0xFE, 0x1F, 0xFF, 0xFF,
  0xE0, 0x21, 0xC6, 0x08, 0x07, 0x1C, 0x61, 0xC0, 0xF9, 0xC6, 0x1E, 0x03,
  0xDC, 0x63, 0xC0, 0x1F, 0xC6, 0xF8, 0x01, 0x9C, 0x67, 0x00, 0x81, 0xC6,
  0x21, 0x0F, 0xFF, 0xFF, 0xF0, 0xFF, 0xFF, 0xFF, 0x0E, 0x00, 0x00, 0x00,
  0xE0, 0x00, 0x00, 0x0E, 0x00, 0x00, 0x00, 0xE0, 0x00, 0x00, 0x0E, 0x00,
  0x00, 0x00, 0xE0, 0x00, 0x00, 0x0E, 0x00, 0x00, 0x00, 0xE0, 0x00, 0x00,
  0x1E, 0x00, 0x00, 0x01, 0xC0, 0x00, 0x00, 0x1C, 0x00, 0x00, 0x03, 0xC0,
  0x00, 0x00, 0x38, 0x00, 0x00, 0x07, 0x80, 0x00, 0x00, 0xF0, 0x00, 0x00,
  0x02, 0x00, 0x00, 0x00, 0x00, 0x3C, 0x00, 0x00, 0x70, 0x00, 0x00, 0xE0,
  0x00, 0x01, 0xC0, 0x00, 0x03, 0x80, 0x18, 0x07, 0x00, 0x3F, 0xFF, 0xFF,
  0xFF, 0xFF, 0xFF, 0xE0, 0x38, 0x0F, 0xC0, 0x70, 0x1F, 0x80, 0xE0, 0x3F,
  0x01, 0xC0, 0x7E, 0x03, 0x80, 0xFC, 0x07, 0x01, 0xF8, 0x0E, 0x03, 0xF0,
  0x1C, 0x07, 0xFF, 0xFF, 0xFF, 0xFF, 0xFF, 0xFF, 0x80, 0xE0, 0x3F, 0x01,
  0xC0, 0x70, 0x03, 0x80, 0x00, 0x07, 0x00, 0x00, 0x0E, 0x00, 0x00, 0x1C,
  0x00, 0x00, 0x38, 0x00, 0x00, 0x70, 0x00, 0x00, 0xE0, 0x00, 0x01, 0xC0,
  0x00, 0x00, 0x3C, 0x00, 0x00, 0x01, 0xE0, 0x00, 0x00, 0x0E, 0x00, 0x00,
  0x00, 0x30, 0x00, 0x00, 0x01, 0x80, 0x00, 0x00, 0x0C, 0x00, 0x00, 0x00,
  0x60, 0x00, 0x00, 0x03, 0xFF, 0x80, 0x1F, 0xFF, 0xFC, 0x00, 0xFF, 0xFF,
  0xE0, 0x00, 0x0E, 0x07, 0x00, 0x00, 0x70, 0x38, 0x00, 0x03, 0x81, 0xC0,
  0x00, 0x1C, 0x0C, 0x00, 0x00, 0xE0, 0xE0, 0x00, 0x07, 0x07, 0x00, 0x00,
  0x70, 0x38, 0x00, 0x03, 0x81, 0xC0, 0x00, 0x3C, 0x0E, 0x00, 0x01, 0xC0,
  0x70, 0x00, 0x1E, 0x03, 0x82, 0x01, 0xE0, 0x1C, 0x1C, 0x1E, 0x00, 0xE0,
  0xE1, 0xE0, 0x07, 0x0F, 0x3E, 0x00, 0x3F, 0xF7, 0xE0, 0x01, 0xFF, 0x9E,
  0x00, 0x07, 0xF0, 0x60, 0x00, 0x00, 0x00, 0x1F, 0xFF, 0xFF, 0x03, 0xFF,
  0xFF, 0xE0, 0x7F, 0xFF, 0xFC, 0x00, 0x00, 0x00, 0x00, 0x00, 0x00, 0x00,
  0x00, 0x00, 0x00, 0x00, 0x00, 0x00, 0x00, 0x00, 0x00, 0x00, 0x00, 0x00,
  0x00, 0x00, 0x00, 0x00, 0x00, 0x00, 0x00, 0x00, 0x00, 0x00, 0x00, 0x00,
  0x00, 0x00, 0x00, 0x00, 0x00, 0x00, 0x00, 0x00, 0x00, 0x00, 0x00, 0x00,
  0x00, 0x00, 0x00, 0x00, 0x1F, 0xFF, 0xFF, 0xFF, 0xFF, 0xFF, 0xFF, 0xFF,
  0xFF, 0xFF, 0xF0, 0x20, 0x00, 0x00, 0x87, 0xFF, 0xFF, 0xF0, 0xFF, 0xFF,
  0xFE, 0x00, 0x0E, 0x00, 0x00, 0x01, 0xC0, 0x00, 0x00, 0x78, 0x00, 0x00,
  0x0E, 0x00, 0x00, 0x01, 0xC0, 0x00, 0x00, 0x38, 0x00, 0x00, 0x07, 0x01,
  0xC0, 0x3F, 0xFF, 0xF0, 0x07, 0xFF, 0xFE, 0x00, 0x03, 0x81, 0xC0, 0x00,
  0xE0, 0x38, 0x00, 0x1C, 0x07, 0x00, 0x03, 0x80, 0xE0, 0x00, 0x70, 0x1C,
  0x00, 0x0E, 0x03, 0x80, 0x01, 0xC0, 0x70, 0x00, 0x38, 0x0E, 0x00, 0x0E,
  0x01, 0xC1, 0x81, 0xC0, 0x30, 0x7F, 0xFF, 0xFF, 0xFF, 0xFF, 0xFF, 0xFF,
  0x01, 0x00, 0xE0, 0x00, 0x07, 0x03, 0x80, 0x00, 0x3E, 0x0E, 0x70, 0x00,
  0xF0, 0x3B, 0xE0, 0x03, 0x80, 0xE3, 0xC0, 0x1E, 0x03, 0x87, 0x80, 0x70,
  0x0E, 0x0C, 0x01, 0xC0, 0x38, 0x20, 0x0F, 0x40, 0xE0, 0x08, 0x3D, 0xFF,
  0xFF, 0xE1, 0xF7, 0xFF, 0xFF, 0x8F, 0xC0, 0x38, 0x00, 0x3F, 0x00, 0xE0,
  0x01, 0xFC, 0x03, 0x70, 0x0F, 0x70, 0x1D, 0xC0, 0x09, 0xC0, 0x77, 0x00,
  0x07, 0x01, 0xDC, 0x00, 0x1C, 0x07, 0x70, 0x00, 0x70, 0x3D, 0xC0, 0x01,
  0xC0, 0xE7, 0x00, 0x07, 0x03, 0x9C, 0x00, 0x1C, 0x1C, 0x70, 0x00, 0x70,
  0xF1, 0xC1, 0x81, 0xC3, 0x87, 0x07, 0x07, 0x1E, 0x1C, 0x1C, 0x1C, 0xF0,
  0x7F, 0xF0, 0x7F, 0x81, 0xFF, 0x81, 0xCC, 0x03, 0xFC, 0x07, 0x00, 0x00,
  0x00, 0x00, 0x01, 0x00, 0x00, 0x1C, 0x1C, 0x00, 0x00, 0xF0, 0xF0, 0x00,
  0x07, 0x03, 0xC0, 0x00, 0x78, 0x0F, 0x00, 0x03, 0x80, 0x38, 0x00, 0x3D,
  0x00, 0x80, 0x41, 0xCF, 0xFF, 0xFE, 0x1E, 0x7F, 0xFF, 0xF0, 0xF0, 0x00,
  0x10, 0x0F, 0x80, 0x00, 0xF0, 0xFC, 0x18, 0x07, 0x0F, 0xE1, 0xE0, 0x78,
  0x7B, 0x07, 0x03, 0x81, 0x98, 0x38, 0x1C, 0x04, 0xC1, 0xE0, 0xE0, 0x06,
  0x07, 0x07, 0x00, 0x30, 0x38, 0x70, 0x01, 0x81, 0xE3, 0x80, 0x0C, 0x07,
  0x1C, 0x00, 0x60, 0x38, 0xE0, 0x03, 0x01, 0xEE, 0x00, 0x18, 0x04, 0x70,
  0x00, 0xD0, 0x03, 0x81, 0x06, 0xFF, 0xFF, 0xF8, 0x37, 0xFF, 0xFF, 0xC1,
  0xC0, 0x00, 0x00, 0x0E, 0x00, 0x00, 0x00, 0xF0, 0x00, 0x00, 0x00, 0x01,
  0x00, 0x00, 0x00, 0x0E, 0x00, 0x00, 0x00, 0xF0, 0x00, 0x60, 0x07, 0x31,
  0xFF, 0x80, 0x79, 0xFF, 0xFE, 0x03, 0x8F, 0xFC, 0x00, 0x3C, 0x70, 0xE0,
  0x01, 0xC3, 0x87, 0x00, 0x1E, 0x1C, 0x38, 0x01, 0xF0, 0xE1, 0xC0, 0x0F,
  0x87, 0x0E, 0x00, 0xFC, 0x38, 0x70, 0x0F, 0x61, 0xFF, 0xFF, 0x73, 0x0F,
  0xFF, 0xF8, 0x98, 0x70, 0x70, 0x00, 0xC3, 0x83, 0x80, 0x06, 0x1C, 0x1C,
  0x00, 0x30, 0xE0, 0xE0, 0x01, 0x87, 0x03, 0x00, 0x0C, 0x38, 0x1C, 0x00,
  0x61, 0xC4, 0xE0, 0x03, 0x0E, 0x77, 0x00, 0x18, 0x77, 0x9C, 0xC0, 0xC3,
  0xF8, 0xF7, 0x06, 0x1F, 0xB3, 0xB8, 0x30, 0xF9, 0xDF, 0x81, 0xCF, 0x0F,
  0x7C, 0x0E, 0x30, 0x39, 0xE0, 0xF0, 0x80, 0x80, 0x00, 0x00, 0x80, 0x78,
  0x00, 0x07, 0x81, 0xC0, 0x00, 0x1E, 0x07, 0x00, 0x00, 0xF0, 0x1C, 0x00,
  0x03, 0x80, 0x70, 0x00, 0x1E, 0x01, 0xC0, 0x00, 0x74, 0x07, 0x00, 0x83,
  0xDF, 0xFF, 0xFE, 0x0F, 0x7F, 0xFF, 0xF8, 0x7C, 0x07, 0xE0, 0x03, 0xF0,
  0x1F, 0xC0, 0x1F, 0xC0, 0x7F, 0x00, 0xF7, 0x03, 0xFE, 0x00, 0xDC, 0x0F,
  0xF8, 0x00, 0x70, 0x77, 0x70, 0x01, 0xC3, 0x9C, 0xE0, 0x07, 0x0E, 0x73,
  0xC0, 0x1C, 0x71, 0xC7, 0x00, 0x73, 0xC7, 0x0E, 0x01, 0xDE, 0x1C, 0x3E,
  0x07, 0xFF, 0xFF, 0xFC, 0x1F, 0xBF, 0xFE, 0xE0, 0x74, 0x07, 0x01, 0x01,
  0xC0, 0x1C, 0x00, 0x07, 0x00, 0x70, 0x00, 0x1C, 0x01, 0xC0, 0x00, 0x70,
  0x07, 0x00, 0x01, 0xC0, 0x1C, 0x00, 0x01, 0x80, 0x00, 0x00, 0x07, 0xC0,
  0x03, 0x00, 0x3D, 0xFF, 0xFC, 0x00, 0xE7, 0xFF, 0xE0, 0x07, 0x9C, 0x01,
  0x80, 0x1C, 0x70, 0x06, 0x00, 0x71, 0xC0, 0x18, 0x03, 0x87, 0x00, 0x60,
  0x1E, 0x1C, 0x01, 0x80, 0x78, 0x7F, 0xFF, 0x03, 0xE1, 0xFF, 0xFC, 0x1F,
  0x80, 0x1C, 0x00, 0xF6, 0x00, 0x70, 0x03, 0xD9, 0x01, 0xC0, 0xC2, 0x67,
  0xFF, 0xFF, 0x01, 0x9F, 0xFF, 0xFC, 0x06, 0x01, 0xF8, 0x00, 0x18, 0x07,
  0xF0, 0x00, 0x60, 0x3F, 0xE0, 0x01, 0x81, 0xDF, 0xC0, 0x06, 0x0F, 0x77,
  0x80, 0x18, 0x79, 0xCF, 0x00, 0x63, 0xC7, 0x3F, 0x01, 0xBE, 0x1C, 0x3F,
  0x06, 0x70, 0x70, 0x70, 0x38, 0x01, 0xC0, 0x80, 0xE0, 0x07, 0x00, 0x03,
  0x80, 0x1C, 0x00, 0x01, 0x00, 0xC0, 0x00, 0x0E, 0x0F, 0x00, 0x00, 0xF0,
  0x3C, 0x00, 0x07, 0x00, 0xF0, 0x00, 0x3C, 0x03, 0x00, 0x83, 0xBF, 0xFF,
  0xFC, 0x1D, 0xFF, 0xFF, 0xE1, 0xC0, 0x00, 0x00, 0x0E, 0x00, 0x00, 0x00,
  0xF0, 0x80, 0x00, 0x0F, 0x87, 0xFF, 0xF0, 0xFC, 0x3F, 0xFF, 0x8F, 0x60,
  0x00, 0x00, 0x7B, 0x08, 0x00, 0x01, 0x98, 0x7F, 0xFF, 0x00, 0xC3, 0xFF,
  0xF8, 0x06, 0x00, 0x00, 0x00, 0x30, 0x00, 0x00, 0x01, 0x84, 0x00, 0x00,
  0x0C, 0x3F, 0xFF, 0x80, 0x61, 0xFF, 0xFC, 0x03, 0x0E, 0x00, 0xE0, 0x18,
  0x70, 0x07, 0x00, 0xC3, 0x80, 0x38, 0x06, 0x1C, 0x01, 0xC0, 0x38, 0xFF,
  0xFE, 0x01, 0xC7, 0xFF, 0xF0, 0x0E, 0x38, 0x03, 0x80, 0xF1, 0xC0, 0x1C,
  0x00, 0x00, 0x08, 0x00, 0x00, 0x01, 0xE0, 0x00, 0x00, 0x1F, 0x00, 0x00,
  0x00, 0x7C, 0x00, 0x00, 0x01, 0x80, 0x17, 0xFF, 0xFF, 0xFF, 0x7F, 0xFF,
  0xFF, 0xF0, 0x01, 0xC0, 0x00, 0x00, 0x3E, 0x30, 0x00, 0x07, 0x87, 0x80,
  0x00, 0xF0, 0x38, 0x00, 0x1E, 0x01, 0xC0, 0x03, 0xC0, 0x1E, 0x00, 0xFF,
  0xFF, 0xF0, 0x07, 0xFF, 0xFF, 0x80, 0x7B, 0x9C, 0x38, 0x00, 0x39, 0xC1,
  0x00, 0x03, 0x9C, 0x00, 0x00, 0x39, 0xC0, 0x00, 0x03, 0x9C, 0x00, 0x00,
  0x71, 0xC0, 0x00, 0x07, 0x1C, 0x04, 0x00, 0xF1, 0xC0, 0x60, 0x1E, 0x1C,
  0x07, 0x03, 0xC1, 0xC0, 0x71, 0xF8, 0x1F, 0xFF, 0xFF, 0x00, 0xFF, 0xE7,
  0xC0, 0x07, 0xFC, 0x30, 0x00, 0x00, 0x00, 0x00, 0x20, 0x00, 0x00, 0x03,
  0xC0, 0x00, 0x00, 0x1F, 0x00, 0x00, 0x00, 0x7C, 0x00, 0x00, 0x00, 0xE0,
  0x00, 0x00, 0x07, 0x80, 0x00, 0x00, 0x3C, 0x00, 0x00, 0x03, 0xF0, 0x00,
  0x00, 0x1F, 0x80, 0x00, 0x00, 0xFE, 0x00, 0x00, 0x0E, 0x70, 0x00, 0x00,
  0x73, 0xC0, 0x00, 0x07, 0x8E, 0x00, 0x00, 0x38, 0x78, 0x00, 0x03, 0xC1,
  0xC0, 0x00, 0x1C, 0x0F, 0x00, 0x01, 0xE0, 0x3C, 0x00, 0x1E, 0x01, 0xE0,
  0x00, 0xE0, 0x07, 0x80, 0x0F, 0x00, 0x1E, 0x00, 0xF0, 0x00, 0xF8, 0x0F,
  0x00, 0x03, 0xF1, 0xF0, 0x00, 0x0F, 0xDF, 0x00, 0x00, 0x3F, 0xF0, 0x00,
  0x00, 0xF1, 0x00, 0x00, 0x02, 0x00, 0x00, 0x01, 0xC0, 0x00, 0x00, 0x1C,
  0x00, 0x00, 0x79, 0xC0, 0x00, 0x07, 0x9C, 0x00, 0x00, 0x70, 0xE0, 0x00,
  0x07, 0x0E, 0x00, 0x00, 0x70, 0xE0, 0x00, 0x0F, 0x0E, 0x00, 0x00, 0xE0,
  0xE0, 0x00, 0x0E, 0x07, 0x00, 0x00, 0xE0, 0x70, 0x00, 0x1C, 0x07, 0x00,
  0x01, 0xC0, 0x38, 0x00, 0x1C, 0x03, 0x80, 0x03, 0x80, 0x3C, 0x00, 0x38,
  0x01, 0xC0, 0x07, 0x00, 0x1E, 0x00, 0x70, 0x00, 0xE0, 0x0E, 0x00, 0x0F,
  0x01, 0xE0, 0x00, 0x78, 0x1C, 0x00, 0x03, 0xC3, 0xC0, 0x00, 0x3C, 0x78,
  0x00, 0x01, 0xEF, 0x00, 0x00, 0x0F, 0xE0, 0x00, 0x00, 0x70, 0x00, 0x00,
  0x04, 0x00, 0x10, 0x00, 0x00, 0x07, 0x00, 0x00, 0x00, 0xF0, 0x00, 0x00,
  0x0F, 0x00, 0x00, 0x00, 0xF0, 0x00, 0x00, 0x0F, 0x00, 0x00, 0x00, 0xC0,
  0x03, 0x00, 0x10, 0x07, 0x7F, 0xFF, 0xFF, 0xEF, 0xFF, 0xFF, 0xFC, 0x00,
  0x00, 0x00, 0x00, 0x00, 0x00, 0x00, 0x00, 0x00, 0x00, 0x01, 0xC1, 0x80,
  0x00, 0x3C, 0x78, 0x00, 0x0F, 0x0F, 0x80, 0x01, 0xC0, 0xF0, 0x00, 0x78,
  0x0F, 0x00, 0x0E, 0x00, 0xF0, 0x03, 0xC0, 0x0F, 0x00, 0xF0, 0x00, 0xF0,
  0x3E, 0x00, 0x1E, 0x0F, 0x80, 0x01, 0xE3, 0xE0, 0x00, 0x1E, 0xF8, 0x00,
  0x03, 0xEE, 0x00, 0x00, 0x30, 0x80, 0x00, 0x00, 0x00, 0x00, 0x38, 0x00,
  0x00, 0x70, 0x00, 0x00, 0xE0, 0x00, 0x01, 0xC0, 0x00, 0x03, 0x80, 0x18,
  0x07, 0x01, 0xFF, 0xFF, 0xFF, 0xFF, 0xFF, 0xFF, 0xE0, 0x38, 0x0F, 0xC0,
  0xF0, 0x1F, 0x81, 0xC0, 0x3F, 0x03, 0xC0, 0x7E, 0x07, 0xC0, 0xFC, 0x0F,
  0xC1, 0xF8, 0x3F, 0x83, 0xF0, 0x77, 0x87, 0xE1, 0xC7, 0x8F, 0xC7, 0x87,
  0x9F, 0x9E, 0x0F, 0xBF, 0x78, 0x0F, 0x7F, 0xE0, 0x0C, 0xFD, 0x80, 0x01,
  0xF8, 0x00, 0x03, 0xF0, 0x00, 0x07, 0xE0, 0x00, 0x1F, 0xC0, 0x03, 0xFB,
  0x80, 0x07, 0xF7, 0x00, 0x0F, 0x00, 0x00, 0x38, 0x00, 0x00, 0x3C, 0x00,
  0x00, 0x38, 0x00, 0x20, 0x38, 0x1C, 0x38, 0x38, 0x1C, 0x38, 0x38, 0x1C,
  0x38, 0x38, 0x1C, 0x38, 0x38, 0x1C, 0x38, 0x38, 0x1C, 0x38, 0x38, 0x1C,
  0x38, 0x38, 0x1C, 0x38, 0x38, 0x1C, 0x3F, 0xFF, 0xFC, 0x3F, 0xFF, 0xFC,
  0x00, 0x38, 0x00, 0x00, 0x38, 0x08, 0xF0, 0x38, 0x0F, 0x70, 0x38, 0x0E,
  0x70, 0x38, 0x0E, 0x70, 0x38, 0x0E, 0x70, 0x38, 0x0E, 0x70, 0x38, 0x0E,
  0x70, 0x38, 0x0E, 0x70, 0x7F, 0xFE, 0x7F, 0xFF, 0xFE, 0xFF, 0xFF, 0xCE,
  0x00, 0x00, 0x0E, 0x00, 0x00, 0x0E, 0x00, 0x41, 0xE0, 0x00, 0x03, 0xC7,
  0x00, 0x00, 0x1C, 0x38, 0x00, 0x01, 0xE0, 0xE0, 0x00, 0x0E, 0x07, 0x80,
  0x00, 0xF0, 0x1C, 0x00, 0x07, 0x00, 0xF0, 0x00, 0x70, 0x03, 0xC0, 0x07,
  0x80, 0x0F, 0x00, 0x38, 0x00, 0x3C, 0x03, 0x80, 0x01, 0xF0, 0x7F, 0xFF,
  0xFF, 0xE7, 0xFF, 0xFF, 0xFF, 0xFC, 0x0E, 0x0E, 0x78, 0x80, 0x70, 0x70,
  0x80, 0x07, 0x03, 0x80, 0x00, 0x38, 0x1C, 0x00, 0x01, 0xC0, 0xE0, 0x00,
  0x0E, 0x07, 0x00, 0x00, 0xE0, 0x38, 0x00, 0x07, 0x01, 0xC0, 0x00, 0x70,
  0x0E, 0x00, 0x07, 0x80, 0x70, 0x00, 0x78, 0x07, 0x80, 0x0F, 0x83, 0xF8,
  0x01, 0xF8, 0x1F, 0xC0, 0x07, 0x80, 0x7C, 0x00, 0x10, 0x00, 0x00, 0x00,
  0x00, 0x00, 0x03, 0xE0, 0x00, 0x40, 0x7F, 0xFF, 0xF0, 0x1B, 0xFF, 0xFC,
  0x06, 0x03, 0x00, 0x79, 0x81, 0xE0, 0x1E, 0x60, 0xF3, 0x07, 0x18, 0x39,
  0xE0, 0xC6, 0x1C, 0x3C, 0x31, 0x8E, 0x07, 0x8C, 0x6F, 0xFF, 0xF3, 0x19,
  0xFF, 0xFE, 0xC6, 0x7F, 0x07, 0x31, 0x80, 0x70, 0x0C, 0x60, 0x1C, 0x03,
  0x18, 0x07, 0x00, 0xC6, 0x41, 0xC2, 0x31, 0x9F, 0xFF, 0x8C, 0x67, 0xFF,
  0xE7, 0x18, 0x07, 0x01, 0xC6, 0x01, 0xC0, 0x79, 0x80, 0x70, 0x00, 0x60,
  0x1C, 0x30, 0x18, 0x07, 0xFC, 0x06, 0xFF, 0xFF, 0x01, 0xBF, 0xFC, 0x00,
  0xEF, 0x00, 0x01, 0xF8, 0x00, 0x00, 0x3E, 0x00, 0x00, 0x0F, 0x00, 0x00,
  0x00, 0x3C, 0x00, 0x00, 0x03, 0x80, 0x00, 0x00, 0x38, 0x02, 0x00, 0x43,
  0x80, 0x3F, 0xFC, 0x38, 0x03, 0xFF, 0xC3, 0x80, 0x00, 0x00, 0x38, 0x30,
  0x00, 0x3F, 0xFE, 0x00, 0x03, 0xFF, 0xE0, 0x00, 0x23, 0x8E, 0x80, 0x02,
  0x38, 0xEF, 0xFF, 0xE3, 0x8E, 0xFF, 0xFE, 0x38, 0xE0, 0x38, 0x03, 0x8E,
  0x07, 0x00, 0x38, 0xE0, 0x72, 0x07, 0x8E, 0x0E, 0xE0, 0x70, 0xE0, 0xE7,
  0x07, 0x0E, 0x1C, 0x70, 0x70, 0xE1, 0xC3, 0x8F, 0x0E, 0x38, 0x38, 0xE0,
  0xE7, 0xFF, 0xCE, 0x0E, 0x7F, 0xFD, 0xE0, 0xE7, 0xF1, 0xFC, 0x0E, 0x00,
  0x0F, 0xD1, 0xE0, 0x00, 0x78, 0xFC, 0x00, 0x0F, 0x0F, 0x80, 0x01, 0xF0,
  0x40, 0x00, 0x04, 0x00, 0x00, 0x00, 0x07, 0x80, 0x00, 0x00, 0x78, 0x00,
  0x00, 0x07, 0x00, 0x00, 0x00, 0x70, 0x00, 0x00, 0x07, 0x00, 0x00, 0x00,
  0x70, 0x00, 0x00, 0x07, 0x00, 0x00, 0x00, 0x70, 0x00, 0x00, 0x07, 0x00,
  0x00, 0x00, 0x70, 0x00, 0x00, 0x07, 0x00, 0x0F, 0xFF, 0xFF, 0xFF, 0xFF,
  0xFF, 0xFF, 0xFF, 0xFF, 0xFF, 0xFF, 0x00, 0x07, 0x00, 0x00, 0x00, 0x70,
  0x00, 0x00, 0x07, 0x00, 0x00, 0x00, 0x70, 0x00, 0x00, 0x07, 0x00, 0x00,
  0x00, 0x70, 0x00, 0x00, 0x07, 0x00, 0x00, 0x00, 0x70, 0x00, 0x00, 0x07,
  0x00, 0x00, 0x00, 0x70, 0x00, 0x00, 0x07, 0x00, 0x00, 0x00, 0x70, 0x00,
  0x00, 0x07, 0x00, 0x00, 0x00, 0x70, 0x00, 0x00, 0x07, 0x00, 0x00, 0x00,
  0x00, 0x04, 0x00, 0x00, 0x07, 0xC0, 0x00, 0x1F, 0xFC, 0x1F, 0xFF, 0xFC,
  0x01, 0xFF, 0xF8, 0x00, 0x3F, 0xDC, 0x00, 0x00, 0x03, 0x80, 0x00, 0x00,
  0x70, 0x00, 0x00, 0x0E, 0x00, 0x00, 0x01, 0xC0, 0x00, 0x00, 0x38, 0x00,
  0x00, 0x07, 0x00, 0x0E, 0x00, 0xE0, 0x0F, 0xFF, 0xFF, 0xFF, 0xFF, 0xFF,
  0xFF, 0xF8, 0x00, 0x70, 0x00, 0x00, 0x0E, 0x00, 0x00, 0x01, 0xC0, 0x00,
  0x00, 0x38, 0x00, 0x00, 0x07, 0x00, 0x00, 0x00, 0xE0, 0x00, 0x00, 0x1C,
  0x00, 0x00, 0x03, 0x80, 0x00, 0x00, 0x70, 0x00, 0x00, 0x0E, 0x00, 0x00,
  0x01, 0xC0, 0x00, 0x00, 0x38, 0x00, 0x00, 0x07, 0x00, 0x00, 0x0C, 0x00,
  0x00, 0x10, 0x7F, 0xFF, 0xFF, 0x83, 0xFF, 0xFF, 0xFC, 0x1C, 0x00, 0x00,
  0x00, 0xE0, 0x0E, 0x00, 0x07, 0x00, 0x70, 0x00, 0x38, 0x03, 0x80, 0x01,
  0xC0, 0x1C, 0x00, 0x0E, 0x00, 0xE0, 0x00, 0x70, 0x07, 0x00, 0x03, 0x90,
  0x38, 0x10, 0x1C, 0xFF, 0xFF, 0x80, 0xE7, 0xFF, 0xFC, 0x07, 0x00, 0x70,
  0x00, 0x38, 0x03, 0x88, 0x01, 0xC0, 0x1C, 0xE0, 0x0E, 0x00, 0xE7, 0x80,
  0x70, 0x07, 0x1E, 0x03, 0x80, 0x38, 0x70, 0x38, 0x01, 0xC1, 0x81, 0xC0,
  0x0E, 0x08, 0x0F, 0x00, 0x70, 0x04, 0xEF, 0xFF, 0xFF, 0xEF, 0x7F, 0xFF,
  0xFF, 0xF0, 0x00, 0x00, 0x00, 0x80, 0x00, 0x00, 0x00, 0xC0, 0x00, 0x00,
  0x3F, 0xFF, 0xFF, 0xFF, 0xFF, 0xFF, 0xFF, 0x80, 0x00, 0x06, 0x00, 0x00,
  0x00, 0xC0, 0x00, 0x00, 0x18, 0x00, 0x00, 0x83, 0x00, 0x7F, 0xF0, 0x60,
  0x0F, 0xFE, 0x0C, 0x01, 0xC1, 0xC1, 0x80, 0x38, 0x38, 0x30, 0x07, 0x07,
  0x06, 0x00, 0xE0, 0xE0, 0xC0, 0x1C, 0x1C, 0x18, 0x03, 0x83, 0x83, 0x00,
  0x70, 0x70, 0x60, 0x0F, 0xFE, 0x0C, 0x01, 0xFF, 0xC1, 0x80, 0x00, 0x00,
  0x30, 0x00, 0x00, 0x06, 0x00, 0x00, 0x00, 0xC0, 0x00, 0x00, 0x18, 0x00,
  0x00, 0x03, 0x00, 0x00, 0x00, 0xE0, 0x00, 0x01, 0xFC, 0x00, 0x00, 0x3F,
  0x80, 0x00, 0x03, 0xC0, 0x00, 0x04, 0x00, 0x04, 0x00, 0xFF, 0xFF, 0x80,
  0x1F, 0xFF, 0xF0, 0x03, 0x80, 0x0E, 0x00, 0x70, 0x01, 0xC0, 0x0E, 0x00,
  0x38, 0x01, 0xC0, 0x07, 0x00, 0x3F, 0xFF, 0xE0, 0x07, 0xFF, 0xFC, 0x00,
  0x00, 0x00, 0x00, 0x00, 0x00, 0x00, 0x40, 0x00, 0x00, 0x1F, 0xFF, 0xFF,
  0xFF, 0xFF, 0xFF, 0xFF, 0xC0, 0x38, 0x00, 0x00, 0x0E, 0x00, 0x08, 0x01,
  0xFF, 0xFF, 0x00, 0x7F, 0xFF, 0xC0, 0x00, 0x00, 0x38, 0x00, 0x00, 0x07,
  0x00, 0x00, 0x00, 0xE0, 0x00, 0x00, 0x1C, 0x00, 0x00, 0x03, 0x80, 0x00,
  0x01, 0xE0, 0x00, 0x1F, 0xFC, 0x00, 0x03, 0xFF, 0x00, 0x00, 0x7F, 0x00,
  0x00, 0x80, 0x00, 0x03, 0xFF, 0xFF, 0xFF, 0xFF, 0xFF, 0xFE, 0xE0, 0x00,
  0x06, 0xE0, 0x00, 0x06, 0xE0, 0x00, 0x06, 0xF0, 0x00, 0x16, 0xFF, 0xFF,
  0xF6, 0xFF, 0xFF, 0xF6, 0xE0, 0x00, 0x06, 0xE0, 0x00, 0x06, 0xE0, 0x00,
  0x46, 0xE3, 0xFF, 0x86, 0xE3, 0xFF, 0x86, 0xE3, 0x81, 0x86, 0xE3, 0x81,
  0x86, 0xE3, 0x81, 0x86, 0xE3, 0x81, 0x86, 0xE3, 0xFF, 0x86, 0xE3, 0xFF,
  0xC6, 0xE0, 0x00, 0x06, 0xE0, 0x00, 0x06, 0xE0, 0x00, 0x06, 0xE0, 0x00,
  0x0E, 0xE0, 0x00, 0xFE, 0xE0, 0x00, 0x7E, 0xE0, 0x00, 0x78, 0x00, 0x00,
  0x03, 0x80, 0x7F, 0xFF, 0xFE, 0x03, 0xFF, 0xFF, 0xF8, 0x0F, 0xFF, 0xC0,
  0x00, 0x60, 0x00, 0x00, 0x03, 0x00, 0x00, 0x00, 0x18, 0x00, 0x00, 0x00,
  0xC0, 0x00, 0x07, 0x07, 0xFF, 0xFF, 0xF8, 0x3F, 0xFF, 0xFF, 0xC1, 0x80,
  0x00, 0x00, 0x0C, 0x00, 0x00, 0x00, 0x60, 0x00, 0x00, 0x07, 0x20, 0x00,
  0x40, 0x39, 0xFF, 0xFE, 0x01, 0xCF, 0xFF, 0xF0, 0x0E, 0x70, 0x03, 0x80,
  0x73, 0x80, 0x1C, 0x03, 0x9C, 0x00, 0xE0, 0x38, 0xE0, 0x07, 0x01, 0xC7,
  0x00, 0x38, 0x1E, 0x38, 0x01, 0xC0, 0xE1, 0xC0, 0x0E, 0x0F, 0x0F, 0xFF,
  0xF0, 0xF0, 0x7F, 0xFF, 0x80, 0x83, 0x80, 0x1C, 0x00, 0x1C, 0x00, 0xE0,
  0x00, 0x18, 0x00, 0x00, 0x07, 0x80, 0x00, 0x03, 0xF8, 0x00, 0x00, 0x3F,
  0x00, 0x00, 0x03, 0xC0, 0x01, 0x00, 0x20, 0x20, 0x7F, 0xFF, 0xF8, 0x1F,
  0xFF, 0xFE, 0x07, 0x00, 0x03, 0x81, 0xC0, 0x00, 0xE0, 0x70, 0x00, 0x38,
  0x1C, 0x00, 0x0E, 0x07, 0xFF, 0xFF, 0x81, 0xFF, 0xFF, 0xE0, 0x70, 0x00,
  0x00, 0x1C, 0x00, 0x00, 0x07, 0x80, 0x00, 0x41, 0xFF, 0xFF, 0xF0, 0x7F,
  0xFF, 0xF8, 0x3B, 0x80, 0x06, 0x0E, 0xE0, 0x01, 0x83, 0xB8, 0x00, 0x61,
  0xEE, 0x00, 0x18, 0x73, 0x80, 0x06, 0x38, 0xE0, 0x01, 0x9E, 0x3F, 0xFF,
  0xEF, 0x0F, 0xFF, 0xFD, 0x83, 0x80, 0x07, 0x00, 0xE0, 0x03, 0xC0, 0x08,
  0x00, 0x00, 0x21, 0xFF, 0xFF, 0xF8, 0x3F, 0xFF, 0xFF, 0x07, 0x03, 0x80,
  0x60, 0xE0, 0x38, 0x0C, 0x1C, 0x06, 0x01, 0x83, 0xA0, 0xC0, 0x30, 0x77,
  0xFF, 0xE6, 0x0E, 0xFF, 0xFC, 0xC1, 0xC0, 0x60, 0x18, 0x3C, 0x0C, 0x03,
  0x07, 0xFF, 0xFF, 0x60, 0xFF, 0xFF, 0xEC, 0x1C, 0x00, 0x01, 0x83, 0x80,
  0x00, 0x30, 0x73, 0xFF, 0xC6, 0x0E, 0x7F, 0xF8, 0xC1, 0x8E, 0x07, 0x18,
  0x71, 0xC0, 0xE3, 0x0E, 0x38, 0x1C, 0x61, 0xC7, 0xFF, 0x8C, 0x38, 0xFF,
  0xF1, 0x87, 0x00, 0x00, 0x31, 0xC0, 0x00, 0x06, 0x38, 0x00, 0x19, 0xCF,
  0x00, 0x01, 0xFB, 0xC0, 0x00, 0x3F, 0x08, 0x00, 0x07, 0x00, 0x10, 0x01,
  0x00, 0x00, 0x7F, 0xC7, 0xFC, 0x03, 0xFE, 0x3F, 0xE0, 0x18, 0x71, 0x87,
  0x00, 0xC3, 0x8C, 0x38, 0x06, 0x1C, 0x61, 0xC0, 0x30, 0xE3, 0x0E, 0x01,
  0xFF, 0x1F, 0xF0, 0x0F, 0xFF, 0xFF, 0x80, 0x00, 0x39, 0xC0, 0x00, 0x01,
  0xC7, 0x80, 0xFF, 0xFF, 0xFF, 0xC7, 0xFF, 0xFF, 0xFE, 0x00, 0x1F, 0xF8,
  0x00, 0x03, 0xE3, 0xF0, 0x1F, 0xFE, 0x0F, 0xF0, 0xFF, 0xC0, 0x1F, 0xFB,
  0xF0, 0x00, 0x1F, 0x87, 0xFE, 0x7F, 0xE4, 0x1F, 0xF3, 0xFF, 0x00, 0xC3,
  0x9C, 0x38, 0x06, 0x1C, 0xE1, 0xC0, 0x30, 0xE7, 0x0E, 0x01, 0x87, 0x38,
  0x70, 0x0F, 0xF9, 0xFF, 0x80, 0x7F, 0xCF, 0xFC, 0x03, 0x0E, 0x70, 0xE0,
  0x3C, 0x73, 0x87, 0x00, 0x80, 0x00, 0x03, 0xFF, 0xFF, 0xFF, 0xFF, 0xFF,
  0xFF, 0x0E, 0x38, 0x7E, 0x1C, 0x70, 0xFC, 0x38, 0xE1, 0xF8, 0x71, 0xC3,
  0xF0, 0xE3, 0x87, 0xE1, 0xC7, 0x0F, 0xC3, 0x0E, 0x1F, 0x8E, 0x1C, 0x3F,
  0x1C, 0x38, 0x7E, 0x70, 0x7F, 0xFD, 0xE0, 0xFF, 0xFF, 0x80, 0xFF, 0xF6,
  0x00, 0x07, 0xE0, 0x00, 0x0F, 0xC0, 0x00, 0x1F, 0x80, 0x00, 0x3F, 0xFF,
  0xFF, 0xFF, 0xFF, 0xFF, 0xFC, 0x00, 0x01, 0xF8, 0x00, 0x03, 0xF0, 0x00,
  0x07, 0x00, 0x06, 0x00, 0x00, 0x00, 0x78, 0x00, 0x00, 0x0F, 0x00, 0x00,
  0x00, 0xE0, 0x00, 0x00, 0x0E, 0x00, 0x13, 0xFF, 0xFF, 0xFF, 0x3F, 0xFF,
  0xFF, 0xF0, 0x03, 0x80, 0x00, 0x00, 0x38, 0x80, 0x00, 0x07, 0x0F, 0x00,
  0x00, 0xF0, 0x70, 0x00, 0x7E, 0x06, 0x00, 0x03, 0xC0, 0x60, 0x00, 0x3C,
  0x06, 0x00, 0x07, 0xA0, 0x60, 0x41, 0xF3, 0xFF, 0xFC, 0x7F, 0x3F, 0xFF,
  0xCF, 0xB0, 0x06, 0x00, 0x73, 0x00, 0x60, 0x00, 0x30, 0x06, 0x00, 0x03,
  0x00, 0x60, 0x00, 0x30, 0x06, 0x00, 0x03, 0x00, 0x60, 0x00, 0x34, 0x06,
  0x01, 0x03, 0x7F, 0xFF, 0xF0, 0x37, 0xFF, 0xFF, 0x03, 0x00, 0x00, 0x00,
  0x38, 0x00, 0x00, 0x07, 0x80, 0x00, 0x00, 0x03, 0x00, 0x00, 0x00, 0x3C,
  0x00, 0x00, 0x07, 0xC0, 0x00, 0x00, 0x70, 0x00, 0x04, 0x0F, 0xFF, 0xFF,
  0xC1, 0xFF, 0xFF, 0xFC, 0x1C, 0x00, 0x00, 0x03, 0xFF, 0xFF, 0xE0, 0xFF,
  0xFF, 0xFE, 0x0F, 0x70, 0x00, 0xE0, 0x67, 0x00, 0x0E, 0x00, 0x7F, 0xFF,
  0xE0, 0x07, 0xFF, 0xFE, 0x00, 0x70, 0x00, 0xE0, 0x07, 0xFF, 0xFE, 0x00,
  0x7F, 0xFF, 0xE0, 0x07, 0xFF, 0xFE, 0x00, 0x1E, 0x00, 0x00, 0x03, 0xFF,
  0xFC, 0x00, 0x7F, 0xFF, 0x80, 0x0F, 0x20, 0x70, 0x01, 0xE7, 0x0F, 0x00,
  0x7C, 0x3D, 0xE0, 0x01, 0x81, 0xFC, 0x00, 0x00, 0x0F, 0x80, 0x00, 0x03,
  0xFE, 0x00, 0x03, 0xFD, 0xFF, 0xFF, 0xFE, 0x07, 0xFE, 0xFF, 0x00, 0x1F,
  0xC7, 0x00, 0x00, 0x0C, 0x00, 0x00, 0x78, 0x00, 0x0E, 0x03, 0xC0, 0x00,
  0xF0, 0x1C, 0x00, 0x07, 0x00, 0xE0, 0x00, 0x38, 0x03, 0x00, 0x03, 0xC0,
  0x18, 0x00, 0x1C, 0x0C, 0xC0, 0x00, 0xFF, 0xC6, 0x00, 0x0F, 0xFE, 0x30,
  0x00, 0xF0, 0x71, 0x80, 0x07, 0x03, 0x8F, 0x00, 0x78, 0x1C, 0x7C, 0x07,
  0xB0, 0xE3, 0xF8, 0x7B, 0xCE, 0x1B, 0xE0, 0x4F, 0x70, 0xCF, 0x80, 0x3F,
  0x86, 0x3E, 0x00, 0xF8, 0x30, 0xF8, 0x03, 0xC1, 0x83, 0x80, 0x1C, 0x0C,
  0x08, 0x01, 0xE0, 0x60, 0x00, 0x1E, 0x03, 0x00, 0x01, 0xE0, 0x18, 0x00,
  0x3E, 0x00, 0xC0, 0x07, 0xE0, 0x06, 0x00, 0x7E, 0x00, 0x30, 0x01, 0xC0,
  0x03, 0x80, 0x00, 0x00, 0x1C, 0x00, 0x00, 0x00, 0xE0, 0x00, 0x00, 0x07,
  0x00, 0x00, 0x00, 0x0F, 0x00, 0x00, 0x61, 0xE0, 0x00, 0x0F, 0x38, 0x00,
  0x01, 0xC7, 0x00, 0x00, 0x78, 0xE0, 0x00, 0x0E, 0x1C, 0x00, 0x01, 0xC3,
  0x80, 0x20, 0x7F, 0xFF, 0xFC, 0x0F, 0xFF, 0xFF, 0x83, 0xC1, 0xC0, 0x00,
  0xF0, 0x38, 0x00, 0x1E, 0x07, 0x00, 0x00, 0x80, 0xE0, 0x00, 0x80, 0x1C,
  0x00, 0x1F, 0xFF, 0xFF, 0xF3, 0xFF, 0xFF, 0xFE, 0x00, 0x0F, 0x00, 0x00,
  0x03, 0xF0, 0x00, 0x00, 0x7E, 0x00, 0x00, 0x1E, 0xE0, 0x00, 0x03, 0x9E,
  0x00, 0x00, 0xF1, 0xE0, 0x00, 0x3C, 0x1E, 0x00, 0x0F, 0x01, 0xE0, 0x07,
  0xC0, 0x1F, 0x03, 0xF0, 0x01, 0xFF, 0xF8, 0x00, 0x0F, 0xBC, 0x00, 0x00,
  0xE2, 0x00, 0x00, 0x00, 0x03, 0x00, 0x00, 0x00, 0x1C, 0x00, 0x00, 0x01,
  0xE1, 0x00, 0x04, 0x0E, 0x0F, 0xFF, 0xC0, 0x70, 0x7F, 0xFE, 0x03, 0x80,
  0x00, 0xE0, 0x1C, 0x00, 0x0E, 0x10, 0xFF, 0x00, 0xE0, 0xFF, 0xF8, 0x0F,
  0x07, 0xFF, 0xC0, 0xF0, 0x03, 0x8E, 0x07, 0x00, 0x1C, 0x70, 0x38, 0x01,
  0xC3, 0x01, 0xC0, 0x0E, 0x3A, 0x0E, 0x0C, 0x71, 0xDF, 0xFF, 0xE7, 0x0E,
  0xFF, 0xFF, 0x3C, 0x60, 0x1C, 0x00, 0xF7, 0x00, 0xE0, 0x03, 0xF8, 0x07,
  0x00, 0x07, 0x80, 0x38, 0x00, 0x1E, 0x01, 0xC0, 0x01, 0xF8, 0x0E, 0x00,
  0x1D, 0xE0, 0x70, 0x01, 0xC7, 0x83, 0x80, 0x3E, 0x38, 0x1C, 0x03, 0xE0,
  0x90, 0xE0, 0x3C, 0x00, 0x7F, 0x00, 0x40, 0x03, 0xF0, 0x00, 0x00, 0x0E,
  0x00, 0x00, 0x00, 0x30, 0x00, 0x00, 0x03, 0xC0, 0x00, 0x00, 0x38, 0x00,
  0x00, 0x07, 0x00, 0x00, 0x00, 0x70, 0x00, 0x27, 0xFF, 0xFF, 0xFE, 0x7F,
  0xFF, 0xFF, 0xE0, 0x0E, 0x00, 0x00, 0x00, 0xE0, 0x00, 0x00, 0x1C, 0x80,
  0x02, 0x03, 0xCF, 0xFF, 0xC0, 0x38, 0xFF, 0xF8, 0x07, 0x80, 0x0F, 0x00,
  0x70, 0x01, 0xE0, 0x0F, 0x00, 0x3C, 0x01, 0xF0, 0x03, 0x80, 0x7F, 0x40,
  0x30, 0x1F, 0xF7, 0xFF, 0xFF, 0xF7, 0x7F, 0xFF, 0xF6, 0x70, 0x03, 0x00,
  0x07, 0x00, 0x30, 0x00, 0x70, 0x03, 0x00, 0x07, 0x00, 0x30, 0x00, 0x70,
  0x03, 0x00, 0x07, 0x00, 0x30, 0x00, 0x70, 0x03, 0x00, 0x07, 0x04, 0x70,
  0x00, 0x70, 0x3F, 0x00, 0x07, 0x03, 0xF0, 0x00, 0x70, 0x1C, 0x00, 0x00,
  0x04, 0x00, 0x00, 0x01, 0xF0, 0x00, 0x00, 0x07, 0x80, 0x02, 0x00, 0x38,
  0x02, 0x3F, 0xFF, 0xFF, 0xE3, 0xFF, 0xFF, 0xFE, 0x38, 0x00, 0x00, 0xE3,
  0x80, 0x00, 0x0E, 0x3A, 0x00, 0x02, 0xE3, 0xBF, 0xFF, 0xEE, 0x03, 0xFF,
  0xFE, 0x00, 0x00, 0x00, 0x00, 0x00, 0x00, 0x00, 0x00, 0x00, 0x00, 0x00,
  0x20, 0x00, 0x00, 0x23, 0xFF, 0xFF, 0xFE, 0x3F, 0xFF, 0xFF, 0xE0, 0x03,
  0x8E, 0x00, 0x00, 0x38, 0xE0, 0x00, 0x03, 0x8E, 0x00, 0x00, 0x38, 0xE0,
  0x40, 0x07, 0x0E, 0x06, 0x00, 0xF0, 0xE0, 0x70, 0x1E, 0x0E, 0x0F, 0x0F,
  0xC0, 0xFF, 0xFF, 0xF8, 0x0F, 0xFE, 0x7E, 0x00, 0x7F, 0x83, 0x00, 0x00,
  0x00, 0x00, 0x08, 0x00, 0x00, 0x03, 0x80, 0x00, 0x00, 0x7C, 0x00, 0x00,
  0x07, 0xC0, 0x04, 0x00, 0x78, 0x02, 0xFF, 0xFF, 0xFF, 0xDF, 0xFF, 0xFF,
  0xF3, 0x80, 0x00, 0x06, 0x78, 0x00, 0x02, 0xCF, 0xFF, 0xFF, 0xDD, 0xFF,
  0xFF, 0xFF, 0x80, 0x1E, 0x30, 0x00, 0x07, 0xCF, 0x00, 0x03, 0xE1, 0xF0,
  0x01, 0xF0, 0x0F, 0x00, 0xFF, 0xFF, 0xF8, 0x0F, 0xFF, 0xFF, 0x81, 0xC1,
  0xC0, 0xE0, 0x00, 0x3C, 0x00, 0x08, 0x07, 0x00, 0x01, 0xFF, 0xFF, 0xE0,
  0x3F, 0xFF, 0xFC, 0x00, 0x03, 0x80, 0x00, 0x00, 0x70, 0x00, 0x80, 0x0E,
  0x00, 0x3F, 0xFF, 0xFF, 0xFF, 0xFF, 0xFF, 0xFF, 0x80, 0x00, 0x30, 0x00,
  0x00, 0x0E, 0x00, 0x00, 0x07, 0xE0, 0x00, 0x00, 0x7C, 0x00, 0x80, 0x0E,
  0x00, 0xFF, 0xFF, 0xFF, 0xEF, 0xFF, 0xFF, 0xFB, 0x80, 0xC2, 0x0E, 0xE0,
  0x78, 0xE3, 0xB8, 0xEF, 0x7C, 0xE1, 0xFD, 0xFC, 0xE0, 0x7E, 0x3E, 0x3C,
  0x3B, 0x8F, 0x27, 0x9E, 0xE7, 0x8E, 0xFF, 0x3F, 0xC3, 0x9F, 0x8F, 0xC3,
  0xE2, 0x07, 0xFF, 0xF0, 0x1F, 0xFF, 0xF0, 0x0F, 0xE1, 0xC0, 0x03, 0xC0,
  0x78, 0x38, 0x1C, 0x1C, 0x0E, 0x07, 0x07, 0x03, 0x81, 0xC1, 0xC0, 0xE0,
  0x70, 0x70, 0x38, 0x1C, 0x1C, 0x0E, 0x07, 0x0F, 0xFF, 0x81, 0xFF, 0xFF,
  0xE0, 0x7F, 0xFE, 0x38, 0x00, 0x00, 0x0E, 0x00, 0xC0, 0x00, 0x0C, 0x7F,
  0xFF, 0xFE, 0x3F, 0xFF, 0xFF, 0x00, 0x00, 0x03, 0x80, 0x00, 0x01, 0xC2,
  0x00, 0x00, 0xE1, 0xC0, 0x00, 0x70, 0xE0, 0x00, 0x38, 0x70, 0x00, 0x1C,
  0x38, 0x00, 0x0E, 0x1F, 0xFF, 0xFF, 0x0F, 0xFF, 0xFF, 0x87, 0x00, 0x00,
  0x03, 0x80, 0x00, 0x01, 0xC0, 0x00, 0x00, 0xE0, 0x00, 0x00, 0x70, 0x00,
  0x00, 0x38, 0x00, 0x00, 0x1C, 0x00, 0x00, 0x8E, 0x00, 0x00, 0xF7, 0x00,
  0x00, 0x7B, 0x80, 0x00, 0x79, 0xFF, 0xFF, 0xFC, 0xFF, 0xFF, 0xFC, 0x1F,
  0xFF, 0xF8, 0x00, 0x00, 0x03, 0x00, 0x00, 0x00, 0x1C, 0x00, 0x00, 0x00,
  0xF0, 0x00, 0x30, 0x03, 0xC0, 0x01, 0xFF, 0xFF, 0xFF, 0x07, 0xFF, 0xFF,
  0xF8, 0x38, 0x00, 0x00, 0x01, 0xC1, 0xE1, 0xE0, 0x0E, 0x0E, 0x0E, 0x00,
  0x70, 0x70, 0x70, 0x03, 0xFF, 0xFF, 0xF8, 0x1F, 0xFF, 0xFF, 0xC0, 0xE0,
  0xE0, 0xE0, 0x07, 0x07, 0x07, 0x00, 0x30, 0x3F, 0xF8, 0x01, 0x81, 0xFF,
  0xC0, 0x1C, 0x00, 0x00, 0x00, 0xE0, 0x00, 0x00, 0x07, 0x3F, 0xFF, 0xE0,
  0x39, 0xFF, 0xFE, 0x01, 0xC1, 0xE0, 0xE0, 0x0E, 0x07, 0x8E, 0x00, 0xE0,
  0x1E, 0xE0, 0x07, 0x00, 0x7E, 0x00, 0x78, 0x01, 0xF0, 0x03, 0x80, 0x3F,
  0xF0, 0x3C, 0x0F, 0xCF, 0xFE, 0x47, 0xF8, 0x1F, 0xF0, 0x1F, 0x00, 0x1F,
  0x00, 0xC0, 0x00, 0x00, 0x30, 0x00, 0x00, 0x87, 0xFF, 0xFF, 0xF0, 0xFF,
  0xFF, 0xFE, 0x00, 0x60, 0x38, 0x00, 0x0C, 0x07, 0x00, 0x01, 0x80, 0xE0,
  0x00, 0x30, 0x1C, 0x00, 0x06, 0x03, 0x80, 0x00, 0xC0, 0x70, 0x00, 0x18,
  0x0E, 0x03, 0x03, 0x01, 0xC0, 0xFF, 0xFF, 0xFF, 0xFF, 0xFF, 0xFF, 0xFE,
  0x03, 0x80, 0xE0, 0x00, 0x70, 0x1C, 0x00, 0x0E, 0x03, 0x80, 0x01, 0xC0,
  0x70, 0x00, 0x78, 0x0E, 0x00, 0x0E, 0x01, 0xC0, 0x03, 0xC0, 0x38, 0x00,
  0x70, 0x07, 0x00, 0x1C, 0x00, 0xE0, 0x07, 0x80, 0x1C, 0x03, 0xE0, 0x03,
  0x80, 0xF8, 0x00, 0x70, 0x06, 0x00, 0x0E, 0x00, 0x40, 0x10, 0x00, 0x5F,
  0xFC, 0xFF, 0xE7, 0xFF, 0x3F, 0xF8, 0x01, 0xC0, 0x0E, 0x00, 0x70, 0x03,
  0x80, 0x1C, 0x80, 0xE2, 0x07, 0x3F, 0xF8, 0xFF, 0xCF, 0xFE, 0x3F, 0xF3,
  0x80, 0x0E, 0x00, 0xE0, 0x03, 0x80, 0x38, 0x00, 0xE0, 0x2E, 0x01, 0x3F,
  0xFB, 0xFF, 0xCF, 0xFE, 0xFF, 0xF0, 0x03, 0x90, 0x1C, 0xF0, 0xE7, 0x07,
  0x3F, 0x3B, 0xF1, 0xC7, 0xCE, 0x3E, 0x70, 0x2F, 0x03, 0x7C, 0x1F, 0xC0,
  0xFF, 0x3F, 0xB3, 0xFD, 0xFF, 0x8C, 0xFC, 0x77, 0x83, 0x38, 0x1D, 0x80,
  0xC0, 0x07, 0x00, 0x70, 0x7F, 0xC3, 0xFC, 0x1F, 0xE0, 0xFE, 0x07, 0xF0,
  0x1E, 0x00, 0x80, 0x80, 0x08, 0x00, 0x8F, 0xF8, 0xFF, 0xF8, 0xFF, 0x8F,
  0xFF, 0x00, 0x38, 0xE0, 0x30, 0x03, 0x8E, 0x03, 0x00, 0x38, 0xE0, 0x30,
  0x03, 0x8F, 0xFF, 0x04, 0x38, 0xFF, 0xF8, 0x7F, 0x80, 0xE0, 0x07, 0xF8,
  0x0F, 0x00, 0x60, 0x20, 0x60, 0x46, 0x03, 0xFF, 0xFC, 0xE0, 0x3F, 0xFF,
  0xCE, 0x01, 0x86, 0x1C, 0xFF, 0x98, 0x61, 0xCF, 0xF9, 0x86, 0x1C, 0x03,
  0x98, 0x61, 0xC0, 0x3B, 0xFF, 0xFC, 0x03, 0xBF, 0xFF, 0xC0, 0x38, 0x06,
  0x00, 0x03, 0x80, 0x63, 0x80, 0x38, 0x06, 0x38, 0x03, 0x80, 0x61, 0xC7,
  0xF7, 0xFF, 0xFE, 0x3F, 0x3F, 0xFF, 0xE3, 0xE3, 0xE0, 0x0F, 0x00, 0x00,
  0x00, 0x40, 0x01, 0x00, 0x00, 0x00, 0x1C, 0x80, 0x02, 0x01, 0xF3, 0xFF,
  0xF0, 0x0E, 0x1F, 0xFF, 0x00, 0xF0, 0xE0, 0x18, 0x0F, 0x07, 0x00, 0xC0,
  0xF2, 0x38, 0x06, 0x0F, 0x3D, 0xC0, 0x30, 0xF1, 0xEF, 0xFF, 0x81, 0x1E,
  0x7F, 0xFC, 0x01, 0xE3, 0x80, 0x60, 0x1E, 0x1C, 0x03, 0x01, 0xF0, 0xE0,
  0x18, 0x1F, 0x87, 0x00, 0xC1, 0xFC, 0x3F, 0xFF, 0x1F, 0xE1, 0xFF, 0xF8,
  0xF7, 0x0E, 0x70, 0x01, 0x38, 0x73, 0x83, 0x01, 0xC3, 0x8E, 0x7C, 0x0E,
  0x1C, 0x77, 0xC0, 0x70, 0xE1, 0xF8, 0x03, 0x87, 0x0F, 0x00, 0x1C, 0x38,
  0xBC, 0x00, 0xE1, 0xDC, 0xF0, 0x07, 0x0F, 0xE3, 0xC0, 0x38, 0xFE, 0x0F,
  0x81, 0xC7, 0xC0, 0x3E, 0x0E, 0x18, 0x00, 0xC0, 0x70, 0x80, 0x00, 0x00,
  0x0C, 0x03, 0x80, 0x00, 0x78, 0x1E, 0x00, 0x03, 0x80, 0xE0, 0x00, 0x1C,
  0x07, 0x00, 0x00, 0xE0, 0x38, 0x00, 0x07, 0x11, 0xC0, 0x08, 0x3A, 0xFF,
  0xFF, 0xCF, 0xF7, 0xFF, 0xFE, 0x7F, 0xC7, 0x00, 0x03, 0xFE, 0x39, 0xE0,
  0x1B, 0xB9, 0xCF, 0x01, 0xDD, 0xCE, 0x71, 0x0E, 0xEC, 0xE3, 0x8E, 0x77,
  0x07, 0xFC, 0x71, 0x38, 0x77, 0xE7, 0x01, 0xC3, 0xF7, 0x38, 0x0E, 0x3B,
  0xBB, 0x80, 0x73, 0xDD, 0xFC, 0x03, 0xBC, 0xCF, 0x00, 0x1F, 0xC2, 0xFC,
  0x00, 0xE2, 0x07, 0xE0, 0x07, 0x00, 0x73, 0x80, 0x38, 0x07, 0x9C, 0x01,
  0xC0, 0x78, 0x70, 0x0E, 0x07, 0x83, 0xC0, 0x70, 0xF8, 0x0F, 0x83, 0x9F,
  0x80, 0x3E, 0x1C, 0x78, 0x00, 0xE0, 0xE1, 0x00, 0x02, 0x00, 0x00, 0x00,
  0xE8, 0x00, 0x00, 0x0F, 0xE0, 0x00, 0x00, 0xEF, 0x00, 0x00, 0x0E, 0x70,
  0x1F, 0xFF, 0xFF, 0xC1, 0xFF, 0xFF, 0xFC, 0x1C, 0x00, 0xE0, 0x01, 0xC0,
  0x0E, 0x30, 0x1D, 0xFF, 0x63, 0x81, 0xDF, 0xF7, 0x78, 0x1C, 0x00, 0x77,
  0x01, 0xFF, 0xF3, 0xE0, 0x1D, 0xFF, 0x3E, 0x01, 0xD8, 0x73, 0xC4, 0x39,
  0x87, 0x3C, 0x63, 0x9F, 0xF7, 0xC7, 0x3B, 0xFF, 0xEE, 0x77, 0x00, 0x3E,
  0x7F, 0xF0, 0x01, 0xC3, 0xE6, 0x08, 0x68, 0x1C, 0x0E, 0xF7, 0x03, 0x00,
  0xFE, 0x79, 0x78, 0x0E, 0xE3, 0xDB, 0xC1, 0xCE, 0x1D, 0xDE, 0x3C, 0xE0,
  0x9C, 0xF3, 0x8F, 0xFF, 0xC6, 0x38, 0x7F, 0xF8, 0x40, 0x03, 0xFF, 0x00,
  0x00, 0x00, 0xF2, 0x00, 0x00, 0x07, 0xB8, 0x00, 0x00, 0x39, 0xE0, 0x00,
  0x01, 0xC7, 0x80, 0x00, 0x0E, 0x18, 0x08, 0x00, 0x70, 0x00, 0x7F, 0xFF,
  0xFF, 0x81, 0xFF, 0xFF, 0xFC, 0x0E, 0x00, 0xE0, 0x00, 0x70, 0x07, 0x00,
  0x03, 0x80, 0x18, 0x60, 0x1C, 0x08, 0xE3, 0xC0, 0xFF, 0xC7, 0x3C, 0x07,
  0xFE, 0x39, 0xC0, 0x38, 0x71, 0xCE, 0x01, 0xC3, 0x8E, 0xE0, 0x0E, 0x1C,
  0x3F, 0x00, 0x70, 0xE1, 0xF0, 0x03, 0x07, 0x0F, 0x80, 0x38, 0x38, 0x38,
  0x01, 0xC1, 0xC3, 0xC0, 0x0E, 0xFE, 0x1F, 0x10, 0x77, 0xE1, 0xF8, 0xC7,
  0x3E, 0x3C, 0xE7, 0x38, 0x03, 0xC7, 0xFB, 0x80, 0xFC, 0x1F, 0xBC, 0x01,
  0xC0, 0x7C, 0x40, 0x04, 0x00, 0xC0, 0x00, 0x07, 0x80, 0x00, 0x00, 0xF3,
  0x00, 0x00, 0x1E, 0xF0, 0x00, 0x01, 0xCF, 0x80, 0x00, 0x38, 0x61, 0x00,
  0x07, 0x04, 0xBF, 0xFF, 0xFF, 0xF7, 0xFF, 0xFF, 0xFE, 0x00, 0x03, 0x80,
  0x00, 0x00, 0x70, 0x00, 0x00, 0x2E, 0x1C, 0x1F, 0xF9, 0xC3, 0x83, 0xFF,
  0x38, 0xF0, 0x70, 0x63, 0x1C, 0x0E, 0x0C, 0x73, 0x81, 0xC1, 0x8E, 0xE0,
  0x38, 0x31, 0xDC, 0x07, 0xFE, 0x1B, 0x80, 0xFF, 0xC3, 0xE0, 0x00, 0x00,
  0x7C, 0x00, 0x00, 0x87, 0x00, 0x01, 0xF1, 0xE1, 0x0F, 0xFE, 0x7E, 0x3F,
  0xFF, 0x1F, 0xE7, 0xFC, 0x0F, 0x9F, 0xEC, 0x07, 0xE1, 0xF8, 0x00, 0x70,
  0x1F, 0x00, 0x04, 0x00, 0xC0, 0x07, 0x80, 0x00, 0x00, 0x3C, 0x00, 0x00,
  0x01, 0xC0, 0x00, 0x00, 0x0E, 0x10, 0x00, 0x10, 0x70, 0xFF, 0xFF, 0x83,
  0x87, 0xFF, 0xFE, 0x1C, 0x40, 0x38, 0x1F, 0xFE, 0x01, 0xC0, 0xFF, 0xF0,
  0x0E, 0x00, 0x38, 0x00, 0x70, 0x01, 0xC0, 0x03, 0x80, 0x0E, 0x10, 0x1C,
  0x00, 0x73, 0x80, 0xE0, 0x03, 0xFC, 0x07, 0x00, 0x1F, 0xE0, 0x38, 0x03,
  0xF8, 0x01, 0xC0, 0xFF, 0x00, 0x0E, 0x07, 0xF8, 0x00, 0x70, 0x19, 0xC0,
  0x03, 0x80, 0x0E, 0x00, 0x1C, 0x00, 0x70, 0x00, 0xE0, 0x03, 0x80, 0x07,
  0x00, 0x1C, 0x00, 0x38, 0x00, 0xE0, 0x01, 0xC0, 0x07, 0x00, 0x0E, 0x01,
  0xF8, 0x07, 0xF0, 0x0F, 0x80, 0x1F, 0x80, 0x38, 0x00, 0xF0, 0x00, 0x03,
  0x80, 0xF0, 0x00, 0x3C, 0x0F, 0x00, 0x03, 0x80, 0xE6, 0x00, 0x38, 0x0E,
  0xF0, 0x03, 0x80, 0xE7, 0x80, 0x38, 0x0E, 0x3C, 0x43, 0x88, 0xE1, 0x87,
  0xFF, 0x8E, 0x10, 0x7F, 0xF8, 0xE7, 0xE0, 0x39, 0xFF, 0xFF, 0x03, 0x8F,
  0xFF, 0xF0, 0x38, 0xEE, 0x00, 0x03, 0x80, 0xE1, 0x80, 0x3B, 0x0E, 0x3C,
  0x03, 0xF0, 0xE3, 0xC0, 0x7F, 0x06, 0x70, 0x3F, 0x80, 0x7F, 0x0F, 0xF8,
  0x07, 0xE0, 0x7B, 0x80, 0x7C, 0x02, 0x38, 0x07, 0xC0, 0x03, 0x80, 0x78,
  0x00, 0x38, 0x0F, 0x82, 0x03, 0x81, 0xFC, 0x70, 0x38, 0x7D, 0xE7, 0x03,
  0x9F, 0x8F, 0xF1, 0xFB, 0xF0, 0x7F, 0x1F, 0x9C, 0x03, 0xE0, 0xF0, 0x00,
  0x0C, 0x0C, 0x00, 0x20, 0x00, 0x38, 0x03, 0x80, 0x01, 0xC0, 0x1E, 0x00,
  0x0C, 0x00, 0x78, 0x00, 0x60, 0x01, 0x80, 0x03, 0x08, 0x08, 0x0A, 0x18,
  0xFF, 0xFF, 0xDF, 0xFD, 0xFF, 0xFE, 0xFF, 0xEC, 0x38, 0x70, 0x30, 0x61,
  0xC3, 0x81, 0x87, 0x1C, 0x1C, 0x0C, 0x00, 0xE0, 0x00, 0x60, 0x07, 0x00,
  0x03, 0x78, 0x70, 0x04, 0x1F, 0xFF, 0xFF, 0xE1, 0xFB, 0xFF, 0xFF, 0x7F,
  0x01, 0xC3, 0x87, 0xF0, 0x1E, 0x3C, 0x19, 0x80, 0xE1, 0xC0, 0x8C, 0x0F,
  0x0E, 0x00, 0x60, 0x7E, 0xE0, 0x03, 0x00, 0xFF, 0x00, 0x18, 0x01, 0xF8,
  0x00, 0xC0, 0x0F, 0xE0, 0x06, 0x01, 0xFF, 0xC0, 0x30, 0x7F, 0x1F, 0x8F,
  0x9F, 0xF0, 0x3C, 0x7C, 0x7C, 0x00, 0xC3, 0x83, 0x00, 0x00, 0x00, 0x00,
  0x00, 0x40, 0x00, 0x38, 0x07, 0x00, 0x01, 0xC0, 0x3C, 0x00, 0x0C, 0x00,
  0xF0, 0x00, 0x60, 0x03, 0x00, 0x03, 0x0F, 0xFF, 0xF0, 0x18, 0x7F, 0xFF,
  0x88, 0xCC, 0x40, 0xC0, 0x7F, 0xE7, 0x07, 0x83, 0xFF, 0x3C, 0x78, 0x01,
  0x80, 0xF3, 0x80, 0x0C, 0x03, 0x38, 0x00, 0x61, 0xFF, 0xFE, 0x03, 0x0F,
  0xFF, 0xF0, 0x1B, 0x42, 0x00, 0x80, 0xF8, 0x1C, 0x00, 0x0F, 0x81, 0xC0,
  0x01, 0xF9, 0xFF, 0xFF, 0xFF, 0x8F, 0xFF, 0xFE, 0xEC, 0x47, 0x0E, 0x10,
  0x60, 0x70, 0xE0, 0x03, 0x07, 0x07, 0x00, 0x18, 0x3F, 0x78, 0x00, 0xC0,
  0xFF, 0x80, 0x06, 0x00, 0xFE, 0x00, 0x30, 0x0F, 0xFC, 0x01, 0x87, 0xF9,
  0xF8, 0x7C, 0xFF, 0x03, 0xC3, 0xE3, 0xE0, 0x0E, 0x1E, 0x08, 0x00, 0x00,
  0x02, 0x00, 0x00, 0x00, 0x70, 0x00, 0x00, 0x07, 0x80, 0x01, 0xC0, 0x3C,
  0x00, 0xFE, 0x81, 0x83, 0xFF, 0xEF, 0xFF, 0xEF, 0xC0, 0xFF, 0xFE, 0xC0,
  0x00, 0x82, 0x0C, 0x00, 0x1C, 0x38, 0xC0, 0x01, 0xE7, 0x0C, 0x00, 0x0E,
  0x70, 0xC0, 0x08, 0x4E, 0x2C, 0x01, 0xFF, 0xFE, 0xFF, 0xFF, 0xFF, 0xEF,
  0xFF, 0x03, 0x80, 0xC7, 0x00, 0x38, 0x0C, 0x70, 0x03, 0x84, 0xC7, 0x07,
  0xFF, 0xCC, 0x70, 0x7F, 0xFD, 0xC7, 0x00, 0x38, 0x1C, 0x70, 0x1B, 0xB1,
  0xC7, 0x03, 0xFB, 0x9C, 0x70, 0x3B, 0xB9, 0xC7, 0x07, 0x39, 0xDC, 0x70,
  0x73, 0x9F, 0x87, 0x0E, 0x38, 0x78, 0x70, 0xE3, 0x87, 0x07, 0x00, 0xF8,
  0xF0, 0x70, 0x0F, 0x8E, 0x07, 0x00, 0x70, 0x40, 0x70, 0x10, 0x00, 0x00,
  0x83, 0xFF, 0xFF, 0xF0, 0x7F, 0xFF, 0xFE, 0x00, 0x0E, 0x00, 0x00, 0x01,
  0xC0, 0x00, 0x00, 0x38, 0x00, 0x00, 0x07, 0x00, 0x00, 0x00, 0xE0, 0x00,
  0x00, 0x1C, 0x00, 0x2F, 0xFF, 0xFF, 0xFD, 0xFF, 0xFF, 0xFF, 0x80, 0x1D,
  0xC0, 0x00, 0x03, 0xB8, 0x00, 0x00, 0x77, 0x00, 0x00, 0x1C, 0xE0, 0x00,
  0x03, 0x9C, 0x00, 0x00, 0xE3, 0x80, 0x00, 0x3C, 0x70, 0x00, 0x07, 0x0E,
  0x02, 0x01, 0xE1, 0xC0, 0x70, 0x78, 0x38, 0x0E, 0x3E, 0x07, 0x03, 0xDF,
  0x80, 0xFF, 0xF7, 0xE0, 0x0F, 0xFE, 0x70, 0x00, 0xFF, 0x04, 0x00, 0x00,
  0x00, 0xE0, 0x00, 0x3F, 0xFF, 0xFF, 0xFF, 0xFF, 0xFE, 0x00, 0x07, 0xE0,
  0x00, 0x7E, 0x00, 0x07, 0xE0, 0x00, 0x7E, 0x00, 0x07, 0xE0, 0x00, 0x7E,
  0x00, 0x07, 0xFF, 0xFF, 0xFF, 0xFF, 0xFF, 0xE0, 0x00, 0x7E, 0x00, 0x07,
  0xE0, 0x00, 0x7E, 0x00, 0x07, 0xE0, 0x00, 0x7E, 0x00, 0x07, 0xE0, 0x00,
  0x7E, 0x00, 0x07, 0xFF, 0xFF, 0xFF, 0xFF, 0xFF, 0xE0, 0x00, 0x7E, 0x00,
  0x07, 0xE0, 0x00, 0x70, 0x00, 0x00, 0x1C, 0x00, 0x00, 0x07, 0x88, 0x04,
  0x01, 0xC3, 0xFF, 0x00, 0x70, 0xFF, 0xC0, 0x1C, 0x38, 0x70, 0x07, 0x0E,
  0x1C, 0x01, 0xC3, 0x87, 0x40, 0x70, 0xE1, 0xDF, 0xFF, 0xF8, 0x77, 0xFF,
  0xFE, 0x1C, 0x01, 0xC3, 0x87, 0x00, 0x70, 0xFF, 0xC6, 0x1C, 0x3F, 0xF3,
  0x87, 0x0E, 0x1C, 0xF1, 0xC3, 0x87, 0x1C, 0x70, 0xE1, 0xC3, 0x9C, 0x38,
  0x70, 0xF7, 0x0E, 0x1C, 0x11, 0xC3, 0x87, 0x00, 0x70, 0xE1, 0xC0, 0x1C,
  0x3F, 0xF0, 0x07, 0x0F, 0xFC, 0x01, 0xC3, 0x87, 0x00, 0x70, 0xE1, 0xC2,
  0x1C, 0x38, 0x00, 0x7F, 0x00, 0x00, 0x1F, 0xC0, 0x00, 0x03, 0xC0, 0x08,
  0x00, 0x01, 0x01, 0xFF, 0xFF, 0xC0, 0x3F, 0xFF, 0xF8, 0x07, 0x00, 0x07,
  0x00, 0xE0, 0x00, 0xE0, 0x1F, 0xFF, 0xFC, 0x03, 0xFF, 0xFF, 0x80, 0x70,
  0x00, 0x70, 0x0E, 0x00, 0x0E, 0x01, 0xFF, 0xFF, 0xC0, 0x3F, 0xFF, 0xF8,
  0x07, 0x07, 0x80, 0x00, 0xF0, 0xF0, 0x00, 0x1C, 0x1C, 0x00, 0x03, 0x83,
  0x80, 0x20, 0xFF, 0xFF, 0xFC, 0x3F, 0xFF, 0xFF, 0x87, 0x01, 0xC0, 0x01,
  0xC0, 0x38, 0x00, 0x7B, 0xFF, 0xFF, 0x80, 0x7F, 0xFF, 0xF0, 0x00, 0x1C,
  0x00, 0x00, 0x03, 0x80, 0x04, 0x00, 0x70, 0x01, 0xFF, 0xFF, 0xFF, 0xFF,
  0xFF, 0xFF, 0xFC, 0x80, 0x00, 0x00, 0x5F, 0xFF, 0xFF, 0xFB, 0xFF, 0xFF,
  0xFF, 0x00, 0x07, 0x00, 0x00, 0x00, 0xE0, 0x00, 0x00, 0x1C, 0x00, 0x03,
  0xFF, 0xFF, 0x80, 0x7F, 0xFF, 0xF0, 0x0E, 0x0E, 0x0E, 0x01, 0xC1, 0xC1,
  0xC0, 0x3F, 0xFF, 0xF8, 0x07, 0xFF, 0xFF, 0x00, 0xE0, 0xE0, 0xE0, 0x1C,
  0x1C, 0x1C, 0x03, 0x83, 0x83, 0x80, 0x7F, 0xFF, 0xF0, 0x0F, 0xFF, 0xFE,
  0x00, 0x61, 0xC0, 0x00, 0x1E, 0x38, 0x00, 0x01, 0xF7, 0x00, 0x00, 0x1F,
  0xC0, 0x00, 0x00, 0xF8, 0x00, 0x00, 0x1F, 0xE0, 0x00, 0x0F, 0xBF, 0xC0,
  0x0F, 0xE1, 0xFF, 0xFF, 0xF0, 0x07, 0xF9, 0xF8, 0x00, 0x0F, 0x30, 0x00,
  0x00, 0x00, 0x06, 0x00, 0x06, 0x0F, 0xFF, 0xF8, 0x1F, 0xFF, 0xF0, 0x38,
  0x00, 0xE0, 0x70, 0x01, 0xC0, 0xE0, 0x03, 0x81, 0xC0, 0x07, 0x03, 0x80,
  0x0E, 0x07, 0xFF, 0xFC, 0x0F, 0xFF, 0xF8, 0x1C, 0x00, 0x70, 0x38, 0x00,
  0xE0, 0x70, 0x01, 0xC0, 0xE0, 0x03, 0x81, 0xC0, 0x07, 0x03, 0xFF, 0xFE,
  0x0F, 0xFF, 0xFC, 0x1C, 0x00, 0x38, 0x38, 0x00, 0x70, 0x70, 0x00, 0xE1,
  0xE0, 0x01, 0xC3, 0x80, 0x03, 0x8F, 0x00, 0x07, 0x1C, 0x00, 0x0E, 0x78,
  0x01, 0xFD, 0xE0, 0x03, 0xFB, 0x80, 0x07, 0xC1, 0x00, 0x00, 0x00, 0x0E,
  0x1E, 0x00, 0x00, 0xF1, 0xE4, 0x00, 0x0E, 0x1C, 0x7F, 0xF0, 0xE1, 0xC7,
  0xFF, 0x4E, 0x1C, 0xF0, 0x77, 0xFF, 0xFF, 0x07, 0x7F, 0xFF, 0xF0, 0x70,
  0xE1, 0xC7, 0x07, 0x0E, 0x1C, 0x7F, 0xF0, 0xFF, 0xC7, 0xFF, 0x0F, 0xFC,
  0x70, 0x70, 0xE1, 0xC7, 0x07, 0x0E, 0x1C, 0x70, 0x70, 0xFF, 0xC7, 0x07,
  0x0F, 0xFC, 0x70, 0x70, 0xE1, 0xC7, 0xFF, 0x0E, 0x1C, 0x7F, 0xF7, 0xFF,
  0xFF, 0x07, 0x7F, 0xFF, 0xF0, 0x70, 0x41, 0x07, 0x07, 0x06, 0x38, 0xF0,
  0x70, 0xFB, 0xCE, 0x07, 0x1E, 0x1E, 0xE0, 0x73, 0xC0, 0xFE, 0x07, 0x78,
  0x0F, 0xC0, 0x7F, 0x80, 0x78, 0x7F, 0x30, 0x07, 0x83, 0xE0, 0x00, 0x10,
  0x38, 0x00, 0x0E, 0x00, 0x00, 0x00, 0xE0, 0x00, 0x00, 0x0E, 0x00, 0x00,
  0x00, 0xE0, 0x00, 0x00, 0x0E, 0x00, 0x01, 0x80, 0xE0, 0x20, 0x1F, 0xFF,
  0xFE, 0x01, 0xFF, 0xFF, 0xE0, 0x00, 0x0E, 0x00, 0x00, 0x00, 0xE0, 0x00,
  0x00, 0x0E, 0x00, 0x04, 0x00, 0xE0, 0x00, 0x7F, 0xFF, 0xFF, 0xC7, 0xFF,
  0xFF, 0xFC, 0x00, 0x3F, 0x80, 0x00, 0x07, 0xF8, 0x00, 0x00, 0x7F, 0xC0,
  0x00, 0x0E, 0xFE, 0x00, 0x01, 0xEE, 0xE0, 0x00, 0x3C, 0xE7, 0x00, 0x07,
  0x8E, 0x78, 0x00, 0xF0, 0xE3, 0xE0, 0x1E, 0x0E, 0x1F, 0x03, 0xC0, 0xE0,
  0xFC, 0xF8, 0x0E, 0x07, 0xFF, 0x00, 0xE0, 0x1C, 0x60, 0x0E, 0x00, 0x80,
  0x00, 0xE0, 0x00, 0x00, 0x0E, 0x00, 0x00, 0x07, 0x00, 0x00, 0x00, 0x38,
  0x00, 0x00, 0x01, 0xC4, 0x00, 0x30, 0x0E, 0x3F, 0xFF, 0x00, 0x71, 0xFF,
  0xF8, 0x03, 0x81, 0xC1, 0xC3, 0x1C, 0x4E, 0x1C, 0x1F, 0xFE, 0x70, 0xE0,
  0xFF, 0xF3, 0x87, 0x00, 0x38, 0x1C, 0x70, 0x03, 0xE0, 0xE3, 0x80, 0x1F,
  0x87, 0x3C, 0x40, 0xFE, 0x3D, 0xFE, 0x0F, 0xF1, 0xEF, 0xF0, 0x7F, 0xDF,
  0x07, 0x07, 0xEC, 0xFC, 0x38, 0x3F, 0x07, 0xE1, 0xC3, 0xB8, 0x3B, 0x9C,
  0x3D, 0xC3, 0xDC, 0xE1, 0xCE, 0x1C, 0x7E, 0x02, 0x70, 0xE3, 0xF0, 0x03,
  0x8F, 0x0F, 0x00, 0x1C, 0xF0, 0xFC, 0x00, 0xE7, 0x0F, 0xF0, 0x07, 0x78,
  0xF3, 0xC0, 0x3F, 0x9F, 0x0F, 0x81, 0xDB, 0xF0, 0x3E, 0x0E, 0x0E, 0x00,
  0xE0, 0x70, 0x20, 0x02, 0x00, 0x08, 0x03, 0xC0, 0x03, 0xC0, 0x78, 0x00,
  0x3C, 0x0E, 0x00, 0x03, 0xC1, 0xC1, 0x00, 0x17, 0xFF, 0xE0, 0xE0, 0xFF,
  0xFC, 0x3F, 0x10, 0xE3, 0x01, 0xF4, 0x1C, 0xE0, 0x0D, 0x87, 0x1C, 0x00,
  0x70, 0xE3, 0x90, 0x1E, 0x38, 0x73, 0x8F, 0x8E, 0x0E, 0x73, 0xC7, 0xC1,
  0xFE, 0xF1, 0xF0, 0x3F, 0x9C, 0x1F, 0xC3, 0xE1, 0x00, 0x70, 0x00, 0x80,
  0x0E, 0x00, 0x3F, 0xFF, 0xFF, 0xFF, 0xFF, 0xFF, 0xFF, 0x80, 0x3F, 0xE0,
  0x00, 0x0F, 0xFE, 0x00, 0x03, 0xDD, 0xF0, 0x01, 0xF3, 0x9F, 0x81, 0xF8,
  0x70, 0xFE, 0xFE, 0x0E, 0x07, 0xEF, 0x01, 0xC0, 0x38, 0x80, 0x38, 0x00,
  0x00, 0x07, 0x00, 0x00, 0x00, 0x07, 0x80, 0x00, 0x00, 0x3C, 0x00, 0x00,
  0x01, 0xC0, 0x00, 0x00, 0x0E, 0x00, 0x02, 0x00, 0x70, 0x01, 0x1F, 0xFF,
  0xFF, 0xF8, 0xFF, 0xFF, 0xFF, 0xC0, 0x03, 0xFC, 0x00, 0x00, 0x7F, 0xF0,
  0x00, 0x07, 0xFB, 0xC0, 0x00, 0xF9, 0xCF, 0x80, 0x1F, 0x8E, 0x3F, 0x83,
  0xF0, 0x70, 0x7F, 0xFF, 0x00, 0x00, 0xF9, 0xCF, 0xFF, 0xF8, 0x80, 0x7F,
  0xFF, 0xC0, 0x03, 0x80, 0x0E, 0x00, 0x1C, 0x00, 0x70, 0x00, 0xFF, 0xFF,
  0x80, 0x07, 0xFF, 0xFC, 0x00, 0x38, 0x00, 0xE0, 0x01, 0xC0, 0x07, 0x00,
  0x0F, 0xFF, 0xF8, 0x00, 0x7F, 0xFF, 0xC0, 0x00, 0x00, 0x00, 0x02, 0x00,
  0x00, 0x00, 0x9F, 0xFF, 0xFF, 0xFC, 0xFF, 0xFF, 0xFF, 0xE0, 0x03, 0xC0,
  0x00, 0x00, 0x0E, 0x00, 0x00, 0x00, 0x38, 0x20, 0x00, 0x00, 0xE0, 0xFF,
  0xF8, 0x03, 0x83, 0xFF, 0xE0, 0x0E, 0x00, 0x00, 0x04, 0x38, 0x80, 0x00,
  0x1F, 0xFE, 0x00, 0x00, 0x7F, 0xF8, 0x00, 0x00, 0x0E, 0x20, 0x00, 0x20,
  0x78, 0xFF, 0xFF, 0x81, 0xFB, 0xFF, 0xFE, 0x07, 0xF0, 0x1C, 0x00, 0x3F,
  0xE0, 0x70, 0x00, 0xFB, 0x81, 0xC0, 0x07, 0xE6, 0x47, 0x20, 0x1F, 0x93,
  0xDD, 0xC0, 0xEE, 0x0E, 0x77, 0x87, 0xB8, 0x79, 0xCF, 0x3C, 0xE1, 0xC7,
  0x1C, 0x13, 0x8E, 0x1C, 0x38, 0x0E, 0x78, 0x70, 0xF0, 0x39, 0xC1, 0xC1,
  0xC0, 0xEF, 0x07, 0x06, 0x03, 0x88, 0x1C, 0x00, 0x0E, 0x07, 0xF0, 0x00,
  0x38, 0x0F, 0x80, 0x00, 0xE0, 0x3C, 0x00, 0x04, 0x00, 0x20, 0x00, 0x3C,
  0x03, 0xC0, 0x01, 0xC0, 0x1C, 0x00, 0x0E, 0x00, 0xF0, 0x00, 0x70, 0x0F,
  0x80, 0x03, 0x80, 0x7E, 0x00, 0x1C, 0x07, 0x38, 0x08, 0xE4, 0x79, 0xE0,
  0x7F, 0xE3, 0x87, 0x83, 0xFF, 0x38, 0x1E, 0x01, 0xC3, 0x80, 0x7C, 0x1E,
  0x7C, 0x01, 0xF0, 0xFB, 0xFF, 0xFF, 0x07, 0xE5, 0xFF, 0xC0, 0x7F, 0x80,
  0x00, 0x03, 0xFE, 0x0C, 0x00, 0x3F, 0x64, 0xF1, 0xC3, 0xF8, 0x73, 0x8F,
  0x1D, 0xC3, 0x9C, 0x71, 0xEE, 0x1E, 0x73, 0x86, 0x70, 0x73, 0xB8, 0x03,
  0x83, 0xDD, 0xC0, 0x1C, 0x0E, 0x4E, 0x00, 0xE0, 0x60, 0xE0, 0x07, 0x00,
  0x07, 0x00, 0x39, 0x80, 0x30, 0x81, 0xCF, 0xFF, 0xFC, 0x0E, 0x7F, 0xFF,
  0xE0, 0x70, 0x00, 0x00, 0x00, 0x00, 0x03, 0x00, 0x00, 0x00, 0x1E, 0x00,
  0x00, 0x01, 0xE0, 0x00, 0x20, 0x0E, 0x00, 0x03, 0x80, 0x70, 0x00, 0x3E,
  0x03, 0x80, 0x18, 0x7C, 0x3F, 0xFF, 0x81, 0xF1, 0xFF, 0xFC, 0x07, 0x9C,
  0x01, 0xC0, 0x1C, 0xE0, 0x0E, 0x00, 0x0E, 0x3C, 0xF0, 0x00, 0xF1, 0xE7,
  0x00, 0x03, 0x0E, 0x00, 0x00, 0x00, 0x70, 0x00, 0x03, 0x03, 0x80, 0x00,
  0x38, 0x3C, 0x00, 0x03, 0xC1, 0xE0, 0x00, 0x3E, 0x0F, 0x80, 0x03, 0xC0,
  0x7C, 0x00, 0x3C, 0x07, 0x70, 0x03, 0xC0, 0x3B, 0xC0, 0x7C, 0x03, 0xCF,
  0x01, 0xC0, 0x3C, 0x3C, 0x0E, 0x03, 0xC1, 0xF0, 0x20, 0x7C, 0x07, 0xE0,
  0x0F, 0xC0, 0x1F, 0xC1, 0xFC, 0x00, 0x7C, 0x07, 0xC0, 0x00, 0xC0, 0x18,
  0x00, 0x00, 0x00, 0x00, 0x07, 0x00, 0x00, 0x00, 0xE0, 0x00, 0x00, 0x1C,
  0x00, 0x00, 0x03, 0x80, 0x00, 0x38, 0x70, 0x00, 0x07, 0x0F, 0xFE, 0x00,
  0xE1, 0xFF, 0xC0, 0x1C, 0x38, 0x00, 0x03, 0x87, 0x00, 0x00, 0x70, 0xE0,
  0x02, 0x0E, 0x1C, 0x00, 0x7F, 0xFF, 0xFF, 0xFF, 0xFF, 0xFF, 0xFE, 0x00,
  0x0E, 0x00, 0x00, 0x01, 0xC0, 0x00, 0x0E, 0x38, 0x38, 0x03, 0xE7, 0x07,
  0x80, 0xF0, 0xE1, 0xF0, 0x3C, 0x1C, 0x3C, 0x0F, 0x03, 0x8F, 0x03, 0xC0,
  0x73, 0xC0, 0x30, 0x0E, 0xF0, 0x00, 0x00, 0x3E, 0x00, 0x00, 0x1F, 0x80,
  0x00, 0x0F, 0xC0, 0x00, 0x3F, 0xF0, 0x01, 0xFF, 0xF8, 0x00, 0x3F, 0xF8,
  0x00, 0x03, 0xF0, 0x00, 0x00, 0x01, 0x80, 0x00, 0x00, 0x0F, 0x00, 0x00,
  0x00, 0xF0, 0x00, 0x00, 0x07, 0x00, 0x00, 0x80, 0x7F, 0xFF, 0xFC, 0x03,
  0xFF, 0xFF, 0xE0, 0x3C, 0x00, 0x00, 0x03, 0xE0, 0x00, 0x10, 0x3D, 0xFF,
  0xFF, 0x83, 0xCF, 0xFF, 0xFC, 0x3C, 0x00, 0x00, 0x00, 0x40, 0x00, 0x00,
  0x00, 0x00, 0x00, 0x30, 0x07, 0xFF, 0xFF, 0x00, 0x3F, 0xFF, 0xF8, 0x00,
  0x00, 0x01, 0xC0, 0x00, 0x00, 0x0E, 0x00, 0x00, 0x00, 0x70, 0x00, 0x00,
  0x03, 0x80, 0x00, 0x00, 0x1C, 0x00, 0x00, 0x00, 0xE0, 0x00, 0x00, 0x07,
  0x00, 0x00, 0x00, 0x1C, 0x80, 0x00, 0x00, 0xE6, 0x00, 0x00, 0x07, 0xB8,
  0x00, 0x00, 0x1D, 0xC0, 0x00, 0x00, 0xFE, 0x00, 0x00, 0x03, 0xE0, 0x00,
  0x00, 0x0E, 0x00, 0x00, 0x00, 0x70, 0x00, 0x80, 0x03, 0xC0, 0x06, 0x00,
  0x1C, 0x00, 0x7C, 0x3C, 0xE0, 0x01, 0xF1, 0xC7, 0x00, 0x03, 0xCE, 0x38,
  0x00, 0x0E, 0x71, 0xC0, 0x00, 0x23, 0x8E, 0x1C, 0x00, 0x1C, 0x7F, 0xE3,
  0x00, 0xE7, 0xFF, 0x3C, 0x07, 0xFF, 0x38, 0xF3, 0xFF, 0xE1, 0xC3, 0xDF,
  0xC7, 0x0E, 0x0E, 0x6E, 0x38, 0x70, 0x20, 0x71, 0xC3, 0x00, 0x43, 0x8E,
  0x18, 0x02, 0x1C, 0x70, 0xC0, 0x38, 0xE3, 0x8E, 0x01, 0xC7, 0x1F, 0xF0,
  0x1C, 0x38, 0xEF, 0x80, 0xE1, 0xC7, 0x70, 0x0E, 0x0E, 0x38, 0x10, 0x70,
  0x71, 0xC0, 0xC7, 0x03, 0x80, 0x07, 0x38, 0x1C, 0x00, 0x7B, 0xC0, 0xFE,
  0x1F, 0x9C, 0x03, 0xFF, 0xF8, 0x20, 0x0F, 0xFF, 0x80, 0x10, 0x00, 0x00,
  0x03, 0x84, 0x00, 0x04, 0x3C, 0x7F, 0xFF, 0xC1, 0xF7, 0xFF, 0xFC, 0x0F,
  0x00, 0x00, 0x00, 0x70, 0x00, 0x00, 0x02, 0x00, 0x00, 0x00, 0x00, 0x00,
  0x00, 0xE1, 0x00, 0x00, 0x1F, 0x1F, 0xFF, 0xFF, 0x7D, 0xFF, 0xFF, 0xF1,
  0xC0, 0x70, 0x00, 0x08, 0x07, 0x00, 0x00, 0x00, 0x70, 0x00, 0x04, 0x0E,
  0x00, 0x40, 0x60, 0xFF, 0xFC, 0x0E, 0x0F, 0xFF, 0x80, 0xE0, 0x00, 0x38,
  0x1C, 0x00, 0x03, 0x81, 0xC0, 0x00, 0x38, 0x3C, 0x00, 0x03, 0x83, 0x80,
  0x00, 0x38, 0x78, 0x00, 0x03, 0x87, 0x00, 0x00, 0x70, 0xF0, 0x03, 0xFF,
  0x06, 0x00, 0x1F, 0xE0, 0x20, 0x01, 0xF8, 0x00, 0x00, 0x04, 0x00, 0x00,
  0x80, 0x38, 0x00, 0x0F, 0x03, 0xE0, 0x00, 0x7C, 0x1C, 0x00, 0x00, 0xF1,
  0xE0, 0x01, 0x03, 0x8F, 0xFF, 0xF8, 0x0C, 0xFF, 0xFF, 0xC0, 0x0F, 0x00,
  0x00, 0x00, 0xF0, 0x00, 0x43, 0x0F, 0xFF, 0xFC, 0x1C, 0x7F, 0xFF, 0xE0,
  0xF8, 0xBB, 0xC7, 0x03, 0xE1, 0xCE, 0x38, 0x06, 0x0E, 0x79, 0xC0, 0x00,
  0x71, 0xEE, 0x01, 0x03, 0x84, 0x71, 0x0C, 0xFF, 0xFF, 0xF8, 0x77, 0xFF,
  0xFF, 0xC3, 0x87, 0x30, 0xE0, 0x38, 0x3B, 0xC7, 0x01, 0xC1, 0xCF, 0x38,
  0x0E, 0x0E, 0x39, 0xC0, 0xE0, 0x70, 0x8E, 0x47, 0x03, 0xFF, 0xFE, 0x78,
  0x3F, 0xFF, 0xF3, 0x80, 0x00, 0x1C, 0x3C, 0x00, 0x01, 0xE0, 0xE0, 0x00,
  0x7E, 0x02, 0x00, 0x03, 0xF0, 0x00, 0x00, 0x0C, 0x00, 0x10, 0x20, 0x00,
  0x81, 0xE1, 0xFF, 0xFC, 0x0F, 0x8F, 0xFF, 0xE0, 0x1E, 0x70, 0x07, 0x00,
  0x7B, 0x80, 0x38, 0x01, 0x9C, 0x01, 0xC0, 0x04, 0xFF, 0xFE, 0x0C, 0x07,
  0xFF, 0xF0, 0xF0, 0x38, 0x03, 0x83, 0xE1, 0xC0, 0x1C, 0x07, 0x8E, 0x00,
  0xE0, 0x1C, 0x7F, 0xFF, 0x00, 0x03, 0xFF, 0xF8, 0x02, 0x00, 0x00, 0x00,
  0x19, 0x00, 0x01, 0x00, 0xCF, 0xFF, 0xF8, 0x0E, 0x7F, 0xFF, 0xC0, 0x73,
  0x9D, 0xCE, 0x07, 0x1C, 0xEE, 0x70, 0x38, 0xE7, 0x73, 0x83, 0xC7, 0x3B,
  0x9C, 0x1C, 0x39, 0xDC, 0xE1, 0xE1, 0xCE, 0xE7, 0x0E, 0x4E, 0x77, 0xFB,
  0xF3, 0xFF, 0xFF, 0xFF, 0x1F, 0xFF, 0xFF, 0xC8, 0x00, 0x00, 0x00, 0x10,
  0x00, 0x00, 0x01, 0xC2, 0x00, 0x02, 0x0F, 0x0F, 0xFF, 0xF0, 0x3E, 0x7F,
  0xFF, 0x80, 0xFB, 0x80, 0x1C, 0x01, 0x9C, 0x00, 0xE0, 0x00, 0xFF, 0xFF,
  0x08, 0x07, 0xFF, 0xF8, 0xF0, 0x38, 0x01, 0xC3, 0xE1, 0xC0, 0x0E, 0x07,
  0xCE, 0x00, 0x70, 0x1C, 0x7F, 0xFF, 0x80, 0x03, 0xFF, 0xFC, 0x04, 0x03,
  0xCE, 0x00, 0x30, 0x0E, 0x73, 0x01, 0xDC, 0x63, 0x1E, 0x0E, 0xF3, 0x19,
  0xE0, 0xE3, 0x98, 0xCE, 0x07, 0x0E, 0xC6, 0xE0, 0x38, 0x76, 0x37, 0x01,
  0x83, 0xF1, 0xF8, 0x1C, 0x0F, 0x8F, 0x80, 0xE0, 0x0C, 0x60, 0x0F, 0x20,
  0x63, 0x01, 0x71, 0xFF, 0xFF, 0xFB, 0x8F, 0xFF, 0xFF, 0xC4, 0x00, 0x00,
  0x00, 0x00, 0x0F, 0x00, 0x00, 0x01, 0xC0, 0x00, 0x00, 0x38, 0x00, 0x00,
  0x07, 0x00, 0x00, 0x00, 0xFF, 0xFC, 0x00, 0x1F, 0xFF, 0x80, 0x03, 0x80,
  0x00, 0x00, 0x70, 0x00, 0x00, 0x0E, 0x00, 0x00, 0x01, 0xC0, 0x20, 0x1F,
  0xFF, 0xFC, 0x03, 0xFF, 0xFF, 0x00, 0x70, 0x00, 0x60, 0x0E, 0x00, 0x0C,
  0x01, 0xC0, 0x01, 0x80, 0x38, 0x00, 0x30, 0x07, 0x00, 0x06, 0x00, 0xFF,
  0xFF, 0xC0, 0x1F, 0xFF, 0xFC, 0x00, 0x00, 0x00, 0x00, 0xC0, 0x00, 0x10,
  0x1E, 0x63, 0x8F, 0x07, 0x9C, 0x70, 0xE0, 0xE3, 0x87, 0x1E, 0x3C, 0x38,
  0xE1, 0xEF, 0x07, 0x1E, 0x1F, 0xC0, 0xE1, 0x03, 0x90, 0x00, 0x00, 0x00,
  0x03, 0xC0, 0xF0, 0x00, 0x0F, 0x03, 0xC0, 0x00, 0x38, 0x0E, 0x00, 0x00,
  0xE0, 0x38, 0x00, 0x43, 0x94, 0xE0, 0x81, 0xFF, 0xDF, 0xFE, 0x07, 0xFF,
  0x7F, 0xF8, 0x00, 0xE0, 0x38, 0xE0, 0x03, 0x90, 0xE3, 0x80, 0x0F, 0xCB,
  0x8E, 0x00, 0x3F, 0x7E, 0x38, 0x07, 0xF0, 0xF0, 0xE0, 0xFF, 0x81, 0xE3,
  0x81, 0xEE, 0x07, 0xCE, 0xC2, 0x38, 0x3F, 0xBB, 0xC0, 0xE1, 0xEC, 0xEE,
  0x03, 0x8F, 0x01, 0xF8, 0x7E, 0x78, 0x07, 0xC1, 0xFB, 0xC0, 0x0F, 0x03,
  0xC2, 0x00, 0x40, 0x06, 0x01, 0xE7, 0x80, 0x1E, 0xE3, 0x8E, 0x00, 0xF3,
  0x8E, 0x1C, 0x07, 0x8E, 0x1C, 0x78, 0x1C, 0x1C, 0x70, 0xE0, 0xF0, 0x71,
  0xC3, 0xC7, 0x81, 0xC2, 0x06, 0x04, 0x04, 0x00, 0x00, 0x08, 0x00, 0x00,
  0x43, 0xFF, 0xFF, 0xE0, 0xFF, 0xFF, 0xF8, 0x38, 0x1C, 0x06, 0x0E, 0x07,
  0x01, 0x83, 0x81, 0xC0, 0x60, 0xE0, 0x70, 0x18, 0x38, 0x1C, 0x06, 0x0F,
  0xFF, 0xFF, 0x83, 0xFF, 0xFF, 0xE0, 0xE0, 0x70, 0x18, 0x38, 0x1C, 0x06,
  0x0E, 0x07, 0x01, 0x83, 0x81, 0xC0, 0x60, 0xE0, 0x70, 0x18, 0x3F, 0xFF,
  0xFE, 0x0F, 0xFF, 0xFF, 0x83, 0x81, 0xC0, 0x60, 0xE0, 0x70, 0x18, 0x38,
  0x1C, 0x06, 0x1C, 0x07, 0x01, 0x87, 0x01, 0xC0, 0x63, 0xC0, 0x70, 0x18,
  0xE0, 0x1C, 0x06, 0x78, 0x07, 0x1F, 0xBC, 0x00, 0x07, 0xEF, 0x00, 0x00,
  0xF8, 0x80, 0x00, 0x00, 0x00, 0x78, 0x00, 0x00, 0x1C, 0x00, 0x00, 0x07,
  0x00, 0x00, 0x01, 0xC0, 0x00, 0x80, 0x70, 0x04, 0x3F, 0xFF, 0xFE, 0x0F,
  0xFF, 0xFF, 0x83, 0x81, 0xC0, 0x60, 0xE0, 0x70, 0x18, 0x38, 0x1C, 0x06,
  0x0E, 0x07, 0x01, 0x83, 0x81, 0xC0, 0x60, 0xFF, 0xFF, 0xF8, 0x3F, 0xFF,
  0xFE, 0x0E, 0x07, 0x01, 0x83, 0x81, 0xC0, 0x60, 0xE0, 0x70, 0x18, 0x38,
  0x1C, 0x06, 0x0F, 0xFF, 0xFF, 0x83, 0xFF, 0xFF, 0xE0, 0x00, 0x70, 0x00,
  0x00, 0x1C, 0x00, 0x40, 0x07, 0x00, 0x1C, 0x01, 0xC0, 0x0F, 0x00, 0x70,
  0x03, 0x80, 0x1F, 0xFF, 0xE0, 0x03, 0xFF, 0xF0, 0x00, 0x7F, 0xF8, 0x80,
  0x00, 0x3F, 0xFF, 0xFF, 0xFF, 0xFF, 0x70, 0x00, 0xEE, 0x00, 0x1D, 0xC0,
  0x03, 0xB8, 0x00, 0x77, 0x00, 0x0E, 0xFF, 0xFF, 0xDF, 0xFF, 0xFB, 0x80,
  0x07, 0x70, 0x00, 0xEE, 0x00, 0x1D, 0xC0, 0x03, 0xB8, 0x00, 0x77, 0xFF,
  0xFE, 0xFF, 0xFF, 0xDC, 0x00, 0x3B, 0x80, 0x07, 0x70, 0x00, 0xEE, 0x00,
  0x1D, 0xC0, 0x03, 0xBF, 0xFF, 0xF7, 0xFF, 0xFE, 0xE0, 0x01, 0xDC, 0x00,
  0x3F, 0x80, 0x00, 0x00, 0x00, 0x00, 0x00, 0x44, 0x00, 0xBF, 0xFC, 0x7F,
  0xFB, 0xFF, 0xC7, 0xFF, 0x80, 0x1C, 0x03, 0x81, 0xC1, 0xC0, 0x70, 0x1E,
  0x1C, 0x07, 0x01, 0xC1, 0x80, 0x70, 0x1C, 0x38, 0x0E, 0x01, 0xC3, 0x80,
  0xE1, 0x1C, 0x38, 0x1F, 0xF1, 0xC3, 0x81, 0xFF, 0x1C, 0x38, 0x3C, 0x71,
  0xC3, 0x87, 0xC7, 0x1F, 0xFF, 0xFC, 0x73, 0xFF, 0xFF, 0xC7, 0x00, 0x07,
  0x2C, 0x70, 0x00, 0x70, 0xC7, 0x40, 0x17, 0x0C, 0x77, 0xFF, 0x70, 0xC7,
  0x7F, 0xF7, 0x0F, 0xF0, 0x00, 0x70, 0xFF, 0x00, 0x07, 0x0C, 0x70, 0x00,
  0x71, 0xC7, 0x00, 0x0F, 0x1E, 0x00, 0x0F, 0xE0, 0x00, 0x00, 0x7E, 0x00,
  0x00, 0x07, 0x00, 0x00, 0x00, 0x04, 0x00, 0x00, 0x03, 0xE0, 0x00, 0x0F,
  0xFF, 0x00, 0xFF, 0xFF, 0xF0, 0x0F, 0xFF, 0x00, 0x00, 0xC0, 0x60, 0x00,
  0x00, 0x06, 0x00, 0x03, 0xFF, 0xFF, 0xFE, 0x3F, 0xFF, 0xFF, 0xE0, 0x03,
  0xFC, 0x00, 0x00, 0x7F, 0xF0, 0x00, 0x1E, 0x6F, 0xC0, 0x03, 0xC6, 0x3F,
  0x00, 0xF8, 0x71, 0xFF, 0xFF, 0x07, 0x07, 0xE7, 0xE0, 0x00, 0x0C, 0x33,
  0xFF, 0xF8, 0x00, 0x3F, 0xFF, 0x80, 0x00, 0x38, 0x38, 0x00, 0x03, 0x87,
  0x08, 0x00, 0x70, 0x7F, 0x00, 0x07, 0x07, 0xF0, 0x00, 0xE0, 0x07, 0x00,
  0x1E, 0x00, 0x70, 0x03, 0xC0, 0x07, 0x00, 0xF8, 0x1F, 0xF0, 0x7F, 0x00,
  0xFE, 0x01, 0xE0, 0x0F, 0xC0, 0x08, 0x00, 0x00, 0x00, 0x00, 0x18, 0x00,
  0x00, 0x07, 0x80, 0x00, 0x00, 0x78, 0x00, 0x00, 0x07, 0x80, 0x04, 0x00,
  0x60, 0x04, 0xFF, 0xFF, 0xFF, 0x9F, 0xFF, 0xFF, 0xF3, 0x80, 0x00, 0x0E,
  0x70, 0x00, 0x01, 0xCE, 0x1C, 0x1C, 0x39, 0xC3, 0xC7, 0xEF, 0x01, 0xF0,
  0x3E, 0x00, 0x78, 0x03, 0xE0, 0x1E, 0x00, 0x1F, 0x1F, 0x80, 0x01, 0xF1,
  0xE0, 0x00, 0x0C, 0x18, 0x00, 0x02, 0x01, 0xFF, 0xFF, 0xC0, 0x3F, 0xFF,
  0xF8, 0x00, 0x07, 0x00, 0x00, 0x00, 0xE0, 0x00, 0x00, 0x1C, 0x00, 0x00,
  0x03, 0x80, 0x00, 0x00, 0x70, 0x00, 0x80, 0x0E, 0x00, 0x3F, 0xFF, 0xFF,
  0xFF, 0xFF, 0xFF, 0xFF, 0x80, 0x02, 0x00, 0x60, 0x00, 0x78, 0x0F, 0x00,
  0x07, 0x00, 0xE0, 0x00, 0xFF, 0xFF, 0xFF, 0x1F, 0xFF, 0xFF, 0xF1, 0xDC,
  0x79, 0xC0, 0x38, 0xEF, 0x0E, 0x07, 0x8E, 0xE0, 0xF0, 0xF0, 0x47, 0x04,
  0x02, 0x00, 0x60, 0x10, 0x07, 0xFF, 0xFF, 0x00, 0x7F, 0xFF, 0xF0, 0x00,
  0x06, 0x00, 0x00, 0x00, 0x60, 0x00, 0x80, 0x06, 0x00, 0x1F, 0xFF, 0xFF,
  0xFF, 0xFF, 0xFF, 0xFF, 0xF0, 0x00, 0x03, 0xC0, 0x20, 0x00, 0x38, 0x23,
  0xFF, 0xFF, 0xFE, 0x3F, 0xFF, 0xFF, 0xE0, 0x1C, 0x03, 0x80, 0x01, 0xE0,
  0x38, 0x00, 0x0F, 0x03, 0x80, 0x00, 0x78, 0x38, 0x00, 0x03, 0x83, 0x80,
  0x00, 0x10, 0x38, 0x00, 0x00, 0x1F, 0x80, 0x00, 0x01, 0xF8, 0x00, 0x00,
  0x1E, 0x00, 0x00, 0x07, 0x00, 0x00, 0x00, 0x78, 0x00, 0x00, 0x07, 0x02,
  0x00, 0xE0, 0x70, 0x78, 0x0F, 0x07, 0x0F, 0x80, 0x78, 0x70, 0xE0, 0x03,
  0xC7, 0x1E, 0x00, 0x1E, 0x73, 0xC0, 0x00, 0xE7, 0x78, 0x00, 0x04, 0x71,
  0x00, 0x60, 0x07, 0x00, 0x07, 0xFF, 0xFF, 0xFE, 0x7F, 0xFF, 0xFF, 0xE0,
  0x01, 0xFC, 0x00, 0x00, 0x1F, 0xC0, 0x00, 0x03, 0xFE, 0x00, 0x00, 0x7F,
  0xF0, 0x00, 0x0F, 0x77, 0x80, 0x01, 0xE7, 0x3C, 0x00, 0x3C, 0x71, 0xE0,
  0x07, 0x87, 0x0F, 0x01, 0xF0, 0x70, 0x7C, 0x3E, 0x07, 0x03, 0xFF, 0xC0,
  0x70, 0x1F, 0x70, 0x07, 0x00, 0xE2, 0x00, 0x70, 0x00, 0x00, 0x07, 0x00,
  0x00, 0x00, 0x70, 0x00, 0x00, 0x07, 0x00, 0x00, 0x00, 0x01, 0xC0, 0x00,
  0x3C, 0x38, 0x00, 0xC7, 0x07, 0x08, 0x1E, 0xE0, 0xE7, 0x83, 0x9F, 0xDF,
  0xF8, 0x73, 0xFB, 0xF8, 0x0E, 0x70, 0x78, 0x31, 0xCE, 0x2E, 0x07, 0x39,
  0xFD, 0xC0, 0xE7, 0xFF, 0xBD, 0xFF, 0xFF, 0xE7, 0xFF, 0x3E, 0x3E, 0x7F,
  0xC4, 0x0F, 0x0F, 0x00, 0x0F, 0x87, 0xF0, 0x01, 0xFF, 0xF0, 0x00, 0x3F,
  0xF9, 0x00, 0x00, 0x3E, 0x78, 0x00, 0x1F, 0x07, 0x80, 0xFF, 0xFF, 0xF8,
  0x0F, 0xFF, 0xFF, 0x81, 0xF8, 0xE0, 0x70, 0x02, 0x1C, 0xC4, 0x00, 0xF3,
  0x9E, 0x00, 0x7C, 0x73, 0xE0, 0x3E, 0x0E, 0x1F, 0x0F, 0x9F, 0xC0, 0xF0,
  0xC1, 0xF8, 0x0C, 0x00, 0x3C, 0x00, 0x00, 0x04, 0x00, 0xE0, 0x00, 0x38,
  0x07, 0xA0, 0x01, 0xE0, 0x3B, 0x80, 0x1C, 0x01, 0xDE, 0x00, 0xE0, 0x0E,
  0x78, 0x0E, 0x20, 0x71, 0xE0, 0x71, 0xC3, 0x86, 0x07, 0x1F, 0x1C, 0x1C,
  0x78, 0xE0, 0xFF, 0xE3, 0x8F, 0x7F, 0xFF, 0x3F, 0xF3, 0xFE, 0x00, 0xFF,
  0x1D, 0xC0, 0x00, 0x78, 0x0E, 0x00, 0x03, 0x80, 0x30, 0x78, 0x38, 0x01,
  0xFF, 0xC3, 0x81, 0xFF, 0xFE, 0x3C, 0x6F, 0xFE, 0xC3, 0xFF, 0x7B, 0x8F,
  0x3F, 0xF8, 0x1C, 0xF0, 0xF8, 0x00, 0xEF, 0x00, 0x00, 0x03, 0xF0, 0x00,
  0x08, 0x1F, 0x00, 0x03, 0xC0, 0xF0, 0x81, 0xFE, 0x0F, 0x86, 0xFF, 0xC1,
  0xFE, 0x3F, 0xF0, 0x3F, 0x79, 0xD8, 0x07, 0xF1, 0xFC, 0x00, 0x3E, 0x07,
  0xE0, 0x00, 0x80, 0x1E, 0x00, 0x04, 0x01, 0x80, 0x00, 0x38, 0x0F, 0x00,
  0x01, 0xE0, 0x70, 0x00, 0x1C, 0x07, 0x80, 0x80, 0xE0, 0x3F, 0xF8, 0x0E,
  0x43, 0xFF, 0xC0, 0x73, 0x9C, 0x1C, 0x07, 0x1F, 0xF9, 0xC0, 0x79, 0xFF,
  0xCE, 0x07, 0x9F, 0xE7, 0xE0, 0x3F, 0xE6, 0x1E, 0x01, 0xFF, 0x00, 0xF0,
  0x00, 0x70, 0x0F, 0xE0, 0x07, 0x81, 0xFF, 0xC0, 0x38, 0x3E, 0x1F, 0xE3,
  0x87, 0xE0, 0x7E, 0x3C, 0x3F, 0xFF, 0xE7, 0xFE, 0x3F, 0xFC, 0x1F, 0xF1,
  0xFF, 0xE0, 0xE0, 0x0E, 0x07, 0x00, 0x00, 0x70, 0x38, 0x00, 0x03, 0x81,
  0xC0, 0x07, 0x9C, 0x0E, 0x0F, 0xFC, 0xE0, 0x70, 0xFF, 0x87, 0xFF, 0x83,
  0xC0, 0x3F, 0xFC, 0x00, 0x01, 0xC0, 0xE0, 0x00, 0x0E, 0x07, 0x00, 0x80,
  0x00, 0x01, 0xFF, 0xFF, 0xFF, 0xFF, 0xFF, 0xFF, 0xE0, 0x00, 0x07, 0xE0,
  0x00, 0x07, 0xE0, 0x40, 0x27, 0xFC, 0xF6, 0x3F, 0xFE, 0xEE, 0x3F, 0xEE,
  0xE7, 0x77, 0xE7, 0xE7, 0x77, 0xE7, 0xC3, 0xE7, 0xE3, 0xC3, 0xE7, 0xE1,
  0xC1, 0xE7, 0xE3, 0xC1, 0xE7, 0xE3, 0xE1, 0xE7, 0xE7, 0xF3, 0xF7, 0xE7,
  0x73, 0xF7, 0xEE, 0x7F, 0x3F, 0xFE, 0x37, 0x3F, 0xFC, 0x0E, 0x3F, 0xFC,
  0x1E, 0x1F, 0xE0, 0x00, 0x07, 0xE0, 0x00, 0x07, 0xE0, 0x00, 0x07, 0xE0,
  0x00, 0x7F, 0xE0, 0x00, 0x7F, 0xE0, 0x00, 0x7C, 0x02, 0x02, 0x00, 0x00,
  0xF0, 0x78, 0x00, 0x1E, 0x0F, 0x0C, 0x07, 0x91, 0xC7, 0xC0, 0xEE, 0x3B,
  0xF8, 0x39, 0xE7, 0xF0, 0x0E, 0x1E, 0xF8, 0x03, 0x81, 0xDC, 0x08, 0xFF,
  0xFF, 0x81, 0xDF, 0xFF, 0xF0, 0x79, 0xC0, 0x3F, 0x1E, 0x10, 0x05, 0xFF,
  0xC3, 0xFF, 0x9F, 0xE0, 0x7F, 0xF7, 0x80, 0x0E, 0x0E, 0xF0, 0x41, 0xC1,
  0xCC, 0x18, 0x3F, 0xF9, 0x8F, 0x87, 0xFF, 0x37, 0xF8, 0xE0, 0xE7, 0xF0,
  0x1C, 0x1C, 0xF0, 0x03, 0xFF, 0x98, 0x00, 0x7F, 0xF3, 0x01, 0x8E, 0x0E,
  0x60, 0x39, 0xC1, 0xCC, 0x07, 0x38, 0x39, 0xFF, 0xC7, 0x3F, 0x3F, 0xF8,
  0xE7, 0xC3, 0xFE, 0x1C, 0x70, 0x00, 0x00, 0x01, 0xC0, 0x00, 0x0F, 0x80,
  0x00, 0x70, 0x00, 0x07, 0x80, 0x0C, 0x38, 0x00, 0xFF, 0xFF, 0xFF, 0xFF,
  0xFF, 0xFE, 0x00, 0x07, 0xF0, 0x00, 0x3F, 0x80, 0x01, 0xFC, 0x00, 0x0F,
  0xFF, 0xFF, 0xFF, 0xFF, 0xFF, 0xF8, 0x00, 0x1F, 0xC0, 0x00, 0xFE, 0x00,
  0x07, 0xF0, 0x00, 0x3F, 0xFF, 0xFF, 0xFF, 0xFF, 0xFF, 0xE0, 0x00, 0x7F,
  0x00, 0x03, 0xF8, 0x00, 0x1F, 0xC0, 0x00, 0xFF, 0xFF, 0xFF, 0xFF, 0xFF,
  0xFF, 0x80, 0x01, 0xFC, 0x00, 0x0F, 0xE0, 0x00, 0x70, 0x00, 0x80, 0x00,
  0x00, 0xF0, 0x00, 0x00, 0x7C, 0x00, 0x00, 0x1F, 0x80, 0x08, 0x03, 0x80,
  0x07, 0xFF, 0xFF, 0x83, 0xFF, 0xFF, 0xC1, 0xC0, 0x00, 0xE0, 0xE0, 0x00,
  0x70, 0x7F, 0xFF, 0xF8, 0x3F, 0xFF, 0xFC, 0x1C, 0x00, 0x0E, 0x0E, 0x00,
  0x07, 0x07, 0x00, 0x03, 0x83, 0xFF, 0xFF, 0xC1, 0xFF, 0xFF, 0xF0, 0xE0,
  0xE0, 0x3C, 0x70, 0x78, 0x3F, 0x38, 0x1C, 0x3C, 0x1C, 0x07, 0x3C, 0x0E,
  0x07, 0xFC, 0x07, 0x0C, 0xF8, 0x03, 0x8E, 0x3E, 0x01, 0xDF, 0x07, 0xC0,
  0xFF, 0x01, 0xFE, 0x7E, 0x00, 0x3F, 0xFE, 0x00, 0x07, 0x9C, 0x00, 0x00,
  0xC4, 0x00, 0x00, 0x00, 0x01, 0xE0, 0xE0, 0x00, 0x1E, 0x0F, 0x00, 0x01,
  0xC0, 0xE0, 0x00, 0x0C, 0x0E, 0x02, 0xFF, 0xFF, 0xFF, 0xEF, 0xFF, 0xFF,
  0xFE, 0x00, 0xC4, 0xE0, 0x01, 0x1C, 0x7E, 0x00, 0x3D, 0xEF, 0xE0, 0x03,
  0xF0, 0xE0, 0x00, 0x07, 0x1F, 0xFF, 0x00, 0x33, 0xFF, 0xE0, 0x00, 0x3E,
  0x1C, 0x0E, 0x07, 0xF3, 0xC0, 0xF8, 0xF7, 0xF8, 0x07, 0xC2, 0x1F, 0x00,
  0x18, 0x07, 0xFE, 0x00, 0x43, 0xF1, 0xFF, 0x07, 0xFC, 0x03, 0xE0, 0xFF,
  0xFF, 0xEC, 0x0E, 0x5F, 0xFE, 0x01, 0xE1, 0xC0, 0x60, 0x1C, 0x1C, 0x06,
  0x03, 0xC1, 0xC0, 0x60, 0x38, 0x1C, 0x06, 0x07, 0x01, 0xFF, 0xE0, 0xF0,
  0x1F, 0xFE, 0x06, 0x01, 0xC0, 0xE0, 0x20, 0x1C, 0x0F, 0x00, 0x00, 0x00,
  0x01, 0x00, 0x7F, 0xFF, 0xE0, 0x07, 0xFF, 0xFE, 0x00, 0x70, 0x00, 0x60,
  0x07, 0x00, 0x06, 0x00, 0x70, 0xF0, 0x60, 0x07, 0x0E, 0x06, 0x00, 0x70,
  0xE0, 0x60, 0x07, 0x0E, 0x06, 0x00, 0x70, 0xE0, 0x60, 0x07, 0x0E, 0x06,
  0x00, 0x70, 0xE0, 0x60, 0x07, 0x0E, 0x06, 0x00, 0x70, 0xFC, 0x60, 0x07,
  0x1F, 0xC6, 0x00, 0x71, 0xF8, 0x60, 0x07, 0x1F, 0x8E, 0x00, 0x73, 0xF8,
  0xE0, 0x07, 0x3B, 0x8F, 0x00, 0x07, 0xB8, 0x06, 0x00, 0xF3, 0x80, 0x70,
  0x3E, 0x38, 0x07, 0x0F, 0xC3, 0x80, 0xF7, 0xF0, 0x3F, 0xFE, 0xFE, 0x01,
  0xFF, 0xE7, 0x80, 0x0F, 0xF8, 0x20, 0x00, 0x00, 0x00, 0x00, 0x00, 0x3C,
  0x00, 0x80, 0x01, 0xE0, 0x0E, 0x00, 0x0E, 0x60, 0x78, 0x00, 0x37, 0x81,
  0xE0, 0x01, 0x9E, 0x07, 0x80, 0x0C, 0x70, 0x18, 0x00, 0x61, 0x00, 0x10,
  0x03, 0x02, 0x00, 0xFF, 0xFF, 0xF4, 0x07, 0xFF, 0xFF, 0xBF, 0x80, 0x06,
  0x01, 0xFC, 0x00, 0x30, 0x00, 0xE4, 0x01, 0xC0, 0x07, 0x3F, 0xEE, 0x00,
  0x39, 0xFF, 0x70, 0x01, 0xC0, 0xC3, 0x80, 0x0E, 0x06, 0x1C, 0x00, 0x70,
  0x30, 0xE0, 0x03, 0x81, 0x87, 0x00, 0x1C, 0x0C, 0x1C, 0x00, 0xE4, 0x60,
  0xE0, 0x07, 0x63, 0x07, 0x00, 0x3F, 0x19, 0xBC, 0x81, 0xF8, 0xFC, 0xE6,
  0x0F, 0x8F, 0xE7, 0xB8, 0x7B, 0xFC, 0x1F, 0xC7, 0x9F, 0x00, 0x7C, 0x18,
  0xE0, 0x03, 0xE0, 0x40, 0x00, 0x0E, 0x00, 0x10, 0x00, 0x00, 0x01, 0xE0,
  0xFF, 0xFE, 0x0F, 0x87, 0xFF, 0xF0, 0x1E, 0x38, 0x03, 0x80, 0x79, 0xC0,
  0x1C, 0x01, 0x8E, 0x00, 0xE0, 0x00, 0x70, 0x07, 0x00, 0x03, 0xFF, 0xF8,
  0x00, 0x1F, 0xFF, 0xC4, 0x00, 0x00, 0x00, 0x3F, 0x88, 0x00, 0x09, 0xFC,
  0x7F, 0xFF, 0xC0, 0xE3, 0xFF, 0xFE, 0x07, 0x00, 0x70, 0x00, 0x38, 0x03,
  0x80, 0x01, 0xC0, 0x1C, 0x00, 0x0E, 0x80, 0xE0, 0x00, 0x77, 0xFF, 0xFF,
  0x83, 0xBF, 0xFF, 0xFC, 0x1C, 0x01, 0xE0, 0x00, 0xE4, 0x1F, 0x80, 0x07,
  0x60, 0xEE, 0x00, 0x3F, 0x0E, 0x78, 0x01, 0xF0, 0xF1, 0xE0, 0x1F, 0x0F,
  0x07, 0xC0, 0x71, 0xF0, 0x1F, 0xC1, 0x3E, 0x00, 0x7C, 0x01, 0xE0, 0x00,
  0xE0, 0x04, 0x00, 0x00, 0x00, 0x00, 0x00, 0x38, 0x00, 0x60, 0x01, 0xC0,
  0x07, 0x80, 0x0E, 0x00, 0x1E, 0x00, 0x70, 0x00, 0x79, 0xFF, 0xFE, 0x01,
  0xCF, 0xFF, 0xF0, 0x06, 0x00, 0xE0, 0x00, 0x01, 0xFF, 0xF8, 0x00, 0x0F,
  0xFF, 0xC0, 0x00, 0x01, 0xC0, 0x20, 0x40, 0x0E, 0x01, 0xFE, 0xFF, 0xFF,
  0xFF, 0xF7, 0xFF, 0xFF, 0x83, 0x80, 0x00, 0x00, 0x1C, 0x00, 0x00, 0x00,
  0xE1, 0xFF, 0xF8, 0x07, 0x0F, 0xFF, 0xC0, 0x38, 0x70, 0x06, 0x01, 0xC3,
  0x80, 0x30, 0x0E, 0x1F, 0xFF, 0x80, 0x70, 0xFF, 0xFC, 0x03, 0x97, 0x00,
  0x60, 0x1D, 0xB8, 0x03, 0x00, 0xFF, 0xFF, 0xF8, 0x07, 0xEF, 0xFF, 0xC0,
  0x7E, 0x70, 0x06, 0x03, 0xC3, 0x80, 0x30, 0x0C, 0x1C, 0x0F, 0x80, 0x00,
  0xE0, 0x7C, 0x00, 0x07, 0x81, 0xC0, 0x00, 0x40, 0x00, 0x00, 0x1E, 0x00,
  0x00, 0x07, 0xC0, 0x40, 0x01, 0xFF, 0xF0, 0x00, 0x3F, 0xFC, 0x00, 0x1E,
  0x07, 0x80, 0x07, 0x80, 0xE0, 0x01, 0xFF, 0xFF, 0xF8, 0xFF, 0xFF, 0xFF,
  0x0F, 0xC1, 0xC0, 0xC1, 0xB8, 0x38, 0x18, 0x07, 0x07, 0x03, 0x00, 0xFF,
  0xFF, 0xF0, 0x1F, 0xFF, 0xFE, 0x00, 0x1E, 0x06, 0x00, 0x0F, 0xC1, 0xE0,
  0x1F, 0xFC, 0x7E, 0x0F, 0xE7, 0xFE, 0x00, 0xF3, 0xFF, 0x80, 0x00, 0xF7,
  0xB8, 0x00, 0xFD, 0xF7, 0x80, 0xFE, 0x7E, 0x78, 0x1F, 0x3D, 0xC7, 0x81,
  0x8F, 0x38, 0x78, 0x07, 0xC7, 0x07, 0xCF, 0xE0, 0xE0, 0x7F, 0xFB, 0xFC,
  0x07, 0x38, 0x3F, 0x00, 0x00, 0x07, 0x80, 0x00, 0x00, 0x00, 0x18, 0x00,
  0x00, 0x00, 0x78, 0x00, 0x00, 0x03, 0xC0, 0x07, 0xFF, 0x8E, 0x00, 0x1F,
  0xFE, 0x38, 0x00, 0x70, 0x38, 0xE0, 0x01, 0xC0, 0xE3, 0x80, 0x07, 0x03,
  0x9C, 0x00, 0x1C, 0x0E, 0x7F, 0xFC, 0x73, 0xB9, 0xFF, 0xF1, 0xCE, 0xEE,
  0x0E, 0x07, 0x3B, 0xB8, 0x30, 0x1C, 0xEF, 0xF0, 0xC0, 0x73, 0xBF, 0xC7,
  0x01, 0xCC, 0xFF, 0x9C, 0x07, 0x33, 0x8E, 0x70, 0x1C, 0xCE, 0x39, 0xC0,
  0x77, 0x38, 0xEE, 0x01, 0xDC, 0xE1, 0xF8, 0x07, 0x73, 0x87, 0xC0, 0x1D,
  0xEE, 0x0F, 0x00, 0x0F, 0xC0, 0x3C, 0x00, 0x3F, 0x80, 0xF0, 0x01, 0xEF,
  0x07, 0xE0, 0x0F, 0x1E, 0x7F, 0xC0, 0x78, 0x3B, 0xE7, 0x83, 0xC0, 0x7E,
  0x0F, 0xBE, 0x03, 0xF0, 0x1F, 0x30, 0x07, 0x80, 0x38, 0x00, 0x08, 0x00,
  0x00, 0x00, 0x00, 0x03, 0x00, 0x00, 0x01, 0xFC, 0x03, 0xFF, 0xFF, 0xF0,
  0x1F, 0xFF, 0xFC, 0x80, 0xFF, 0x1C, 0x00, 0x07, 0x00, 0xF0, 0x00, 0x38,
  0x07, 0x00, 0x01, 0xFF, 0xFF, 0xFE, 0x0F, 0xFF, 0xFF, 0xF0, 0x70, 0x0E,
  0x00, 0x03, 0x80, 0x60, 0x00, 0x1C, 0x87, 0x00, 0x00, 0xE7, 0xFF, 0xF8,
  0x07, 0x3F, 0xFF, 0xC0, 0x39, 0xC0, 0x0E, 0x01, 0xCE, 0x3C, 0x70, 0x0E,
  0x70, 0xE3, 0x80, 0xF3, 0x87, 0x1C, 0x07, 0x1C, 0x30, 0xE0, 0x38, 0xE3,
  0x87, 0x03, 0xC7, 0x1C, 0x38, 0x1C, 0x38, 0xFD, 0xC1, 0xE1, 0xEE, 0xFE,
  0x0F, 0x00, 0xF7, 0xE0, 0xF0, 0x1F, 0x0F, 0xC3, 0x87, 0xF0, 0x1F, 0x00,
  0xFE, 0x00, 0x7E, 0x03, 0xC0, 0x00, 0xE0, 0x18, 0x00, 0x02, 0x00, 0x03,
  0xC0, 0x00, 0x00, 0x3C, 0x20, 0x03, 0x03, 0x83, 0xFF, 0xE0, 0x38, 0x3F,
  0xFE, 0x23, 0x88, 0x38, 0xE3, 0xFF, 0x83, 0x8E, 0x3F, 0xF8, 0x70, 0xE0,
  0x38, 0x07, 0x0E, 0x03, 0x80, 0xE0, 0xE0, 0x38, 0x5E, 0xFE, 0x7F, 0xFF,
  0xC7, 0xC7, 0xFF, 0xFC, 0x78, 0x01, 0xC1, 0x80, 0x20, 0x1E, 0x1F, 0xFE,
  0x11, 0xC1, 0xFF, 0xE1, 0xFC, 0x1C, 0x0E, 0x1D, 0xC5, 0xC0, 0xE1, 0xDF,
  0xDC, 0x0E, 0x1D, 0xFD, 0xC0, 0xE1, 0xDC, 0x1C, 0x0E, 0x3D, 0xC1, 0xC0,
  0xE3, 0xFC, 0x1F, 0xFE, 0x3F, 0xC1, 0xFF, 0xE3, 0xFC, 0x00, 0x00, 0x7B,
  0xFF, 0x07, 0xF7, 0x0F, 0xFF, 0xFF, 0xF0, 0x0F, 0xFF, 0xF3, 0x00, 0x00,
  0x00, 0x06, 0x00, 0x00, 0x00, 0x3C, 0x00, 0x00, 0x01, 0xC1, 0x00, 0x10,
  0x1C, 0x0F, 0xFF, 0x00, 0xE0, 0xFF, 0xF8, 0x7F, 0xFC, 0x03, 0x83, 0xFF,
  0xE0, 0x1C, 0x03, 0x80, 0x01, 0xC0, 0x1C, 0x00, 0x1E, 0x00, 0xFE, 0x01,
  0xF0, 0x0E, 0xF0, 0x1F, 0xC0, 0x77, 0x01, 0xEF, 0x83, 0xB8, 0x3E, 0x3E,
  0x39, 0xC7, 0xE0, 0x7F, 0xFF, 0xFC, 0x01, 0xCF, 0xFF, 0x40, 0x00, 0x43,
  0x80, 0x00, 0x00, 0x1C, 0x1F, 0xFF, 0x00, 0xE6, 0xFF, 0xF8, 0x07, 0xF0,
  0x38, 0x00, 0xFF, 0x81, 0xC0, 0x7F, 0xE0, 0x0E, 0x01, 0xFE, 0x00, 0x70,
  0x0C, 0x70, 0x03, 0x80, 0x03, 0x80, 0x1C, 0x00, 0x1C, 0x00, 0xE0, 0x00,
  0xE3, 0xFF, 0xFE, 0x07, 0x1F, 0xFF, 0xF0, 0x38, 0x00, 0x00, 0x00, 0x00,
  0x0F, 0x3C, 0x00, 0x00, 0x71, 0xC0, 0x30, 0x06, 0x1C, 0x07, 0x80, 0x61,
  0xC0, 0x3C, 0x06, 0x1C, 0x01, 0xE0, 0x61, 0xC0, 0x0F, 0x86, 0x1C, 0x00,
  0x6F, 0xFF, 0xFC, 0x00, 0xFF, 0xFF, 0xC0, 0x00, 0x61, 0xC0, 0x00, 0x06,
  0x1C, 0x08, 0x20, 0x61, 0xC0, 0xFE, 0x06, 0x1C, 0x0F, 0xE8, 0x61, 0xC2,
  0x0E, 0xFF, 0xFF, 0xE0, 0xEF, 0xFF, 0xFE, 0x0E, 0x0E, 0x1C, 0x00, 0xE0,
  0xE1, 0xC0, 0x0E, 0x0E, 0x1C, 0x00, 0xE1, 0xC1, 0xC0, 0x0E, 0x1C, 0x1C,
  0x00, 0xE3, 0x81, 0xC0, 0x0E, 0x78, 0x1C, 0x01, 0xE7, 0x01, 0xC0, 0x7F,
  0x80, 0x3C, 0x0F, 0xFE, 0x00, 0x00, 0xF1, 0xFF, 0xFF, 0xF6, 0x0F, 0xFF,
  0xFE, 0x40, 0x1F, 0xFF, 0xE0, 0x00, 0x01, 0x80, 0x00, 0x00, 0x0F, 0x00,
  0x06, 0x00, 0x70, 0x00, 0x78, 0x03, 0x80, 0x01, 0xE6, 0x38, 0x06, 0x07,
  0x3F, 0xFF, 0xF0, 0x1D, 0xFF, 0xFF, 0x80, 0xC0, 0xE0, 0x00, 0x00, 0x07,
  0x70, 0x00, 0x00, 0x73, 0x80, 0x00, 0x03, 0x9C, 0x01, 0x86, 0x38, 0xE1,
  0x8F, 0xF3, 0xFF, 0xFC, 0x7F, 0x8F, 0xFF, 0xE0, 0x1C, 0x41, 0xC0, 0x00,
  0xE0, 0x0E, 0x00, 0x07, 0x00, 0x70, 0x00, 0x3A, 0x03, 0x81, 0x01, 0xDF,
  0xFF, 0xF8, 0x0E, 0xFF, 0xFF, 0xC0, 0x70, 0x07, 0x00, 0x03, 0x80, 0x38,
  0x00, 0x1C, 0x01, 0xC0, 0x03, 0xF0, 0x0E, 0x00, 0x3F, 0xE0, 0x70, 0x0B,
  0xCF, 0xFF, 0xFF, 0xBC, 0x1F, 0xFF, 0xF8, 0xC0, 0x1F, 0xFF, 0xC2, 0x00,
  0x00, 0x00, 0x00, 0x10, 0x20, 0x01, 0x81, 0xC0, 0xFF, 0xFC, 0x0F, 0x07,
  0xFF, 0xC0, 0x3C, 0x30, 0x06, 0x00, 0xF1, 0x80, 0x30, 0x03, 0x8C, 0x01,
  0x80, 0x08, 0x7F, 0xFC, 0x00, 0x03, 0xFF, 0xE0, 0x00, 0x18, 0x03, 0x00,
  0x00, 0xC0, 0x18, 0x20, 0x46, 0x00, 0xC1, 0xFC, 0x3F, 0xFF, 0x0F, 0xE1,
  0xFF, 0xFC, 0x03, 0x0C, 0x40, 0xF0, 0x18, 0x67, 0x0F, 0x80, 0xC3, 0x3F,
  0xE0, 0x06, 0x18, 0xFE, 0x00, 0x30, 0xC1, 0xF0, 0x01, 0x86, 0x1F, 0xC0,
  0x0C, 0x37, 0x9F, 0x00, 0x63, 0xFC, 0x3E, 0x03, 0x1F, 0x80, 0xE0, 0x7E,
  0x60, 0x02, 0x07, 0xFE, 0x00, 0x01, 0x7D, 0xFF, 0xFF, 0xF1, 0xC1, 0xFF,
  0xFF, 0x88, 0x01, 0xFF, 0xFC, 0x80, 0x02, 0x80, 0x27, 0xFF, 0xF7, 0xFF,
  0x3F, 0xFF, 0xBF, 0xF8, 0x0D, 0xC0, 0x01, 0xC0, 0x6E, 0x00, 0x0E, 0x03,
  0x70, 0x00, 0x71, 0xFF, 0xF8, 0x03, 0x8F, 0xFF, 0x80, 0x1C, 0x76, 0xEC,
  0x00, 0xE3, 0xB7, 0x64, 0x07, 0x1D, 0xBB, 0x3F, 0xF8, 0xED, 0xD9, 0xFF,
  0xC7, 0x6E, 0xCE, 0x00, 0x3F, 0x7E, 0x70, 0x01, 0xF1, 0xF3, 0x80, 0x0F,
  0x81, 0x9C, 0x00, 0x70, 0x0C, 0xE0, 0x03, 0xFF, 0xE7, 0x00, 0x1F, 0xFF,
  0x38, 0x00, 0xE0, 0x19, 0xC0, 0x47, 0x00, 0xCE, 0x03, 0xB8, 0x06, 0x70,
  0x1D, 0xFF, 0xF3, 0x81, 0xEF, 0xFF, 0x9F, 0xFE, 0x70, 0x0E, 0xFF, 0xF3,
  0x80, 0x71, 0xFE, 0x1C, 0x00, 0x00, 0x00, 0x00, 0x00, 0x04, 0x00, 0x00,
  0x0F, 0xC0, 0xE0, 0xFF, 0xFC, 0x0F, 0xFF, 0xF0, 0x01, 0xFF, 0xE0, 0x00,
  0x00, 0x1C, 0x00, 0x3F, 0xFF, 0xFF, 0xFF, 0xFF, 0xFF, 0xFF, 0x00, 0x0E,
  0x00, 0x00, 0x01, 0xFF, 0xC0, 0x3F, 0xFF, 0xF8, 0x07, 0xFF, 0xFF, 0x00,
  0xE0, 0xE0, 0xE0, 0x1F, 0xFF, 0xFC, 0x03, 0xFF, 0xFF, 0x80, 0x70, 0x70,
  0x70, 0x0E, 0x0E, 0x0E, 0x01, 0xFF, 0xFF, 0xC0, 0x3F, 0xFF, 0xF8, 0x00,
  0x07, 0x00, 0x01, 0x00, 0xE0, 0x10, 0x3F, 0xFF, 0xFE, 0x07, 0xFF, 0xFF,
  0xC0, 0x00, 0x70, 0x00, 0x00, 0x0E, 0x00, 0x1F, 0xFF, 0xFF, 0xFF, 0xFF,
  0xFF, 0xFF, 0x80, 0x07, 0xFF, 0xFF, 0x00, 0x7F, 0xFF, 0xF0, 0x06, 0x00,
  0x07, 0x00, 0x7F, 0xFF, 0xF0, 0x07, 0xFF, 0xFF, 0x00, 0x60, 0x00, 0x70,
  0x07, 0xFF, 0xFF, 0x00, 0x7F, 0xFF, 0xF0, 0xFF, 0xFF, 0xFF, 0xFF, 0xFF,
  0xFF, 0xFF, 0x00, 0x00, 0x00, 0x00, 0xFF, 0xFF, 0xF8, 0x0F, 0xFF, 0xFF,
  0x80, 0x60, 0x70, 0x30, 0x07, 0xFF, 0xFF, 0x00, 0x7F, 0xFF, 0xF0, 0x06,
  0x07, 0x03, 0x00, 0xFF, 0xFF, 0xF8, 0x0F, 0xFF, 0xFF, 0x80, 0x00, 0x70,
  0x00, 0x1F, 0xFF, 0xFF, 0xC1, 0xFF, 0xFF, 0xFC, 0x00, 0x07, 0x00, 0x07,
  0xFF, 0xFF, 0xFF, 0x7F, 0xFF, 0xFF, 0xF0, 0x02, 0x00, 0x1E, 0x00, 0x38,
  0x01, 0xE0, 0x07, 0xC0, 0x1C, 0x00, 0x70, 0x01, 0xC0, 0x0F, 0x00, 0x1C,
  0x01, 0xE0, 0x81, 0xC0, 0x1F, 0xFC, 0x1F, 0xF3, 0xFF, 0xBF, 0xFF, 0x78,
  0x03, 0xFF, 0xFF, 0x00, 0x31, 0xC7, 0x60, 0x13, 0x1C, 0x73, 0xFF, 0x31,
  0xC7, 0x3F, 0xF3, 0x1C, 0x70, 0x30, 0x31, 0xC7, 0x03, 0x03, 0x1C, 0x70,
  0x30, 0x31, 0xC7, 0x43, 0x0B, 0x1C, 0x77, 0xFF, 0xBF, 0xFF, 0x7F, 0xFB,
  0xFF, 0xF0, 0x30, 0x31, 0xC7, 0x03, 0x03, 0x9C, 0x70, 0x30, 0x01, 0xC0,
  0x03, 0x10, 0x1C, 0x00, 0x37, 0x01, 0xC0, 0x03, 0xF0, 0x1C, 0x00, 0x7E,
  0x01, 0xC0, 0x07, 0x80, 0x1C, 0x00, 0x30, 0x01, 0xC0, 0x00, 0x00, 0x1C,
  0x00, 0x02, 0x00, 0xC7, 0x80, 0x1C, 0x07, 0x1C, 0x01, 0xE0, 0x38, 0xE0,
  0x0E, 0x01, 0xC7, 0x00, 0xF0, 0x0E, 0x38, 0x07, 0x03, 0xFF, 0xF8, 0x7F,
  0xDF, 0xFF, 0xC7, 0xFE, 0x1C, 0x70, 0x78, 0x00, 0xE3, 0x87, 0x80, 0x07,
  0x1C, 0x3C, 0x00, 0x38, 0xE0, 0x7F, 0xDF, 0xFF, 0xF3, 0xFE, 0xFF, 0xFF,
  0x83, 0x80, 0x00, 0x00, 0x1C, 0x00, 0x00, 0x00, 0xE0, 0x00, 0x00, 0x07,
  0x07, 0xFF, 0xE3, 0xFF, 0x9F, 0xFF, 0x1F, 0xFC, 0xC0, 0x38, 0x0E, 0x06,
  0x01, 0xC0, 0x70, 0x30, 0x0E, 0x03, 0x81, 0xFF, 0xF0, 0x1C, 0x4F, 0xFF,
  0x80, 0xE6, 0x60, 0x1C, 0x07, 0xF3, 0x00, 0xE0, 0x3F, 0x18, 0x07, 0x01,
  0xF0, 0xFF, 0xF8, 0x1F, 0x07, 0xFF, 0xC0, 0x60, 0x38, 0x0E, 0x01, 0x03,
  0xC0, 0x00, 0x02, 0x00, 0x00, 0x00, 0x0F, 0x00, 0x1E, 0x00, 0x78, 0x00,
  0x70, 0x01, 0xC4, 0x11, 0xC0, 0x07, 0x1F, 0xBF, 0xF0, 0x38, 0xFE, 0xFF,
  0xC1, 0xFE, 0x38, 0x73, 0x07, 0xF8, 0xC1, 0xCC, 0x38, 0x07, 0x7F, 0xFD,
  0xE0, 0x1D, 0xFF, 0xFF, 0x02, 0xE0, 0x73, 0x0F, 0xFB, 0x81, 0xCC, 0x1F,
  0xEC, 0x3F, 0xF0, 0x1C, 0x7E, 0xFF, 0xC0, 0x71, 0xF8, 0x70, 0x01, 0xC0,
  0xE1, 0xC0, 0x3F, 0xE3, 0xBF, 0xF0, 0xFF, 0xEE, 0xFF, 0xC0, 0x71, 0xB8,
  0x70, 0x01, 0xC7, 0xC1, 0xC0, 0x07, 0x2F, 0x7F, 0xF8, 0x1D, 0xBD, 0xFF,
  0xE0, 0x7E, 0xF0, 0x70, 0x01, 0xF3, 0xE1, 0xC0, 0x0F, 0x9F, 0xF7, 0x00,
  0x1C, 0xF3, 0xFF, 0xF0, 0x27, 0x87, 0xFF, 0x80, 0x1C, 0x03, 0xFE, 0x00,
  0x10, 0x00, 0x00, 0x10, 0x00, 0x00, 0x1C, 0x00, 0x00, 0x0F, 0x08, 0x00,
  0x23, 0xC7, 0xFF, 0xF0, 0xF3, 0xFF, 0xF0, 0x30, 0x00, 0x1B, 0xC0, 0x00,
  0x0D, 0xC0, 0x00, 0x06, 0xE2, 0x00, 0x23, 0x71, 0xFF, 0xE1, 0xB8, 0x7F,
  0xF0, 0xDC, 0x30, 0x18, 0x6E, 0x18, 0x0C, 0x37, 0x0C, 0x06, 0x1B, 0x86,
  0x03, 0x0D, 0xC3, 0xFF, 0x86, 0xE1, 0xFF, 0xC3, 0x70, 0xC0, 0x61, 0xB8,
  0x60, 0x30, 0xDC, 0x30, 0x18, 0x6E, 0x18, 0x0C, 0x37, 0x0F, 0xFE, 0x1B,
  0x8F, 0xFF, 0x0D, 0xC0, 0x00, 0x06, 0xE0, 0x00, 0x03, 0x70, 0x00, 0x03,
  0xB8, 0x00, 0x07, 0xDC, 0x00, 0x03, 0xEE, 0x00, 0x01, 0xC0, 0x0F, 0xFF,
  0xFF, 0x00, 0x7F, 0xFF, 0xF8, 0x03, 0xC0, 0x01, 0xC0, 0x0E, 0x00, 0x0E,
  0x00, 0x70, 0x0E, 0x70, 0x03, 0xA0, 0x7B, 0x80, 0x1F, 0x83, 0x9C, 0x00,
  0xFE, 0x38, 0xE0, 0x07, 0x79, 0xC7, 0x00, 0x39, 0xFC, 0x38, 0x03, 0xC7,
  0xE1, 0xC0, 0x1C, 0x1E, 0x0E, 0x00, 0xE0, 0x70, 0x70, 0x07, 0x07, 0xC3,
  0x80, 0x38, 0x77, 0x1C, 0x01, 0xC7, 0xBC, 0xE0, 0x0E, 0x78, 0xF7, 0x00,
  0xF7, 0x83, 0xF8, 0x07, 0x78, 0x0F, 0xE0, 0x3F, 0x80, 0x27, 0x43, 0xF8,
  0x00, 0x3B, 0x9C, 0x00, 0x01, 0xDD, 0xE0, 0x00, 0x07, 0xFE, 0x00, 0x00,
  0x3F, 0xE0, 0x00, 0x00, 0xF9, 0x00, 0x00, 0x03, 0x80, 0xFF, 0xFF, 0xFF,
  0x80, 0x00, 0xFF, 0xFF, 0xFF, 0x80
};

const GFXglyph Dengb_16pt8bGlyphs[] PROGMEM = {
  {     0,   0,   0,   9,    0,    1 },  // U+0020 ' '
  {     0,   3,  21,   9,    3,  -19 },  // U+0021 '!'
  {     8,   9,   7,  14,    2,  -19 },  // U+0022 '"'
  {    16,  18,  21,  18,    0,  -19 },  // U+0023 '#'
  {    64,  16,  25,  17,    1,  -21 },  // U+0024 '$'
  {   114,  15,  21,  16,    0,  -19 },  // U+0025 '%'
  {   154,  22,  21,  25,    2,  -19 },  // U+0026 '&'
  {   212,   3,   7,   8,    2,  -19 },  // U+0027 '\''
  {   215,   9,  28,  10,    1,  -20 },  // U+0028 '('
  {   247,   8,  28,  10,    1,  -20 },  // U+0029 ')'
  {   275,  12,  12,  13,    1,  -14 },  // U+002A '*'
  {   293,  16,  16,  22,    3,  -16 },  // U+002B '+'
  {   325,   4,   8,   7,    2,   -2 },  // U+002C ','
  {   329,   9,   3,  16,    3,   -7 },  // U+002D '-'
  {   333,   4,   4,   7,    2,   -2 },  // U+002E '.'
  {   335,  13,  24,  13,    0,  -20 },  // U+002F '/'
  {   374,  15,  21,  17,    1,  -19 },  // U+0030 '0'
  {   414,  14,  21,  17,    2,  -19 },  // U+0031 '1'
  {   451,  15,  21,  17,    1,  -19 },  // U+0032 '2'
  {   491,  15,  21,  17,    1,  -19 },  // U+0033 '3'
  {   531,  16,  21,  17,    1,  -19 },  // U+0034 '4'
  {   573,  15,  21,  17,    1,  -19 },  // U+0035 '5'
  {   613,  15,  21,  17,    1,  -19 },  // U+0036 '6'
  {   653,  14,  21,  17,    2,  -19 },  // U+0037 '7'
  {   690,  15,  21,  17,    1,  -19 },  // U+0038 '8'
  {   730,  15,  21,  17,    1,  -19 },  // U+0039 '9'
  {   770,   4,  15,   7,    2,  -13 },  // U+003A ':'
  {   778,   4,  19,   7,    2,  -13 },  // U+003B ';'
  {   788,  16,  16,  22,    3,  -16 },  // U+003C '<'
  {   820,  16,  10,  22,    3,  -13 },  // U+003D '='
  {   840,  16,  16,  22,    3,  -16 },  // U+003E '>'
  {   872,  14,  21,  14,    0,  -19 },  // U+003F '?'
  {   909,  26,  27,  30,    2,  -20 },  // U+0040 '@'
  {   997,  21,  21,  21,    0,  -19 },  // U+0041 'A'
  {  1053,  15,  21,  19,    3,  -19 },  // U+0042 'B'
  {  1093,  17,  21,  19,    2,  -19 },  // U+0043 'C'
  {  1138,  18,  21,  22,    3,  -19 },  // U+0044 'D'
  {  1186,  12,  21,  16,    3,  -19 },  // U+0045 'E'
  {  1218,  12,  21,  16,    3,  -19 },  // U+0046 'F'
  {  1250,  18,  21,  22,    2,  -19 },  // U+0047 'G'
  {  1298,  18,  21,  23,    3,  -19 },  // U+0048 'H'
  {  1346,   4,  21,   9,    3,  -19 },  // U+0049 'I'
  {  1357,  10,  21,  12,    0,  -19 },  // U+004A 'J'
  {  1384,  16,  21,  19,    3,  -19 },  // U+004B 'K'
  {  1426,  12,  21,  15,    3,  -19 },  // U+004C 'L'
  {  1458,  24,  21,  29,    3,  -19 },  // U+004D 'M'
  {  1521,  19,  21,  24,    3,  -19 },  // U+004E 'N'
  {  1571,  21,  21,  23,    1,  -19 },  // U+004F 'O'
  {  1627,  14,  21,  18,    3,  -19 },  // U+0050 'P'
  {  1664,  21,  27,  23,    1,  -19 },  // U+0051 'Q'
  {  1735,  16,  21,  19,    3,  -19 },  // U+0052 'R'
  {  1777,  15,  21,  17,    1,  -19 },  // U+0053 'S'
  {  1817,  17,  21,  17,    0,  -19 },  // U+0054 'T'
  {  1862,  18,  21,  22,    2,  -19 },  // U+0055 'U'
  {  1910,  20,  21,  20,    0,  -19 },  // U+0056 'V'
  {  1963,  30,  21,  30,    0,  -19 },  // U+0057 'W'
  {  2042,  19,  21,  19,    0,  -19 },  // U+0058 'X'
  {  2092,  18,  21,  18,    0,  -19 },  // U+0059 'Y'
  {  2140,  16,  21,  18,    1,  -19 },  // U+005A 'Z'
  {  2182,   8,  28,  10,    2,  -20 },  // U+005B '['
  {  2210,  13,  22,  13,    0,  -20 },  // U+005C '\\'
  {  2246,   7,  28,  10,    1,  -20 },  // U+005D ']'
  {  2271,  16,  14,  22,    3,  -19 },  // U+005E '^'
  {  2299,  13,   1,  13,    0,    5 },  // U+005F '_'
  {  2301,   7,   5,   9,    0,  -20 },  // U+0060 '`'
  {  2306,  13,  15,  16,    1,  -13 },  // U+0061 'a'
  {  2331,  16,  22,  19,    2,  -20 },  // U+0062 'b'
  {  2375,  13,  15,  15,    1,  -13 },  // U+0063 'c'
  {  2400,  15,  22,  19,    1,  -20 },  // U+0064 'd'
  {  2442,  15,  15,  16,    1,  -13 },  // U+0065 'e'
  {  2471,  11,  22,  11,    0,  -20 },  // U+0066 'f'
  {  2502,  15,  21,  19,    1,  -13 },  // U+0067 'g'
  {  2542,  14,  22,  18,    2,  -20 },  // U+0068 'h'
  {  2581,   3,  22,   8,    2,  -20 },  // U+0069 'i'
  {  2590,   6,  28,   8,   -1,  -20 },  // U+006A 'j'
  {  2611,  14,  22,  16,    2,  -20 },  // U+006B 'k'
  {  2650,   3,  22,   8,    2,  -20 },  // U+006C 'l'
  {  2659,  23,  15,  27,    2,  -13 },  // U+006D 'm'
  {  2703,  14,  15,  18,    2,  -13 },  // U+006E 'n'
  {  2730,  17,  15,  19,    1,  -13 },  // U+006F 'o'
  {  2762,  16,  21,  19,    2,  -13 },  // U+0070 'p'
  {  2804,  15,  21,  19,    1,  -13 },  // U+0071 'q'
  {  2844,   9,  15,  11,    2,  -13 },  // U+0072 'r'
  {  2861,  12,  15,  13,    0,  -13 },  // U+0073 's'
  {  2884,   9,  19,  11,    1,  -17 },  // U+0074 't'
  {  2906,  13,  15,  18,    2,  -13 },  // U+0075 'u'
  {  2931,  16,  15,  16,    0,  -13 },  // U+0076 'v'
  {  2961,  23,  15,  23,    0,  -13 },  // U+0077 'w'
  {  3005,  15,  15,  16,    0,  -13 },  // U+0078 'x'
  {  3034,  16,  21,  16,    0,  -13 },  // U+0079 'y'
  {  3076,  13,  15,  14,    1,  -13 },  // U+007A 'z'
  {  3101,  10,  28,  10,    0,  -20 },  // U+007B '{'
  {  3136,   3,  28,   9,    3,  -20 },  // U+007C '|'
  {  3147,  10,  28,  10,    0,  -20 },  // U+007D '}'
  {  3182,  16,   4,  22,    3,  -10 },  // U+007E '~'
  {  3190,   9,   9,  12,    1,  -19 },  // U+00B0 '°'
  {  3201,  27,   3,  31,    2,  -11 },  // U+4E00 '一'
  {  3212,  27,  27,  31,    2,  -22 },  // U+4E03 '七'
  {  3304,  27,  22,  31,    2,  -20 },  // U+4E09 '三'
  {  3379,  27,  26,  31,    2,  -22 },  // U+4E0A '上'
  {  3467,  27,  26,  31,    2,  -21 },  // U+4E0B '下'
  {  3555,  28,  27,  31,    1,  -22 },  // U+4E0D '不'
  {  3650,  28,  28,  31,    1,  -22 },  // U+4E25 '严'
  {  3748,  23,  28,  31,    4,  -23 },  // U+4E2D '中'
  {  3829,  29,  28,  31,    1,  -23 },  // U+4E5D '九'
  {  3931,  27,  20,  31,    2,  -19 },  // U+4E8C '二'
  {  3999,  27,  24,  31,    2,  -21 },  // U+4E94 '五'
  {  4080,  30,  29,  31,    0,  -23 },  // U+4F18 '优'
  {  4189,  29,  29,  31,    1,  -23 },  // U+4F4D '位'
  {  4295,  29,  29,  31,    1,  -23 },  // U+4F4E '低'
  {  4401,  30,  28,  31,    0,  -23 },  // U+4F53 '体'
  {  4506,  30,  28,  31,    1,  -23 },  // U+4FDD '保'
  {  4611,  29,  29,  31,    1,  -23 },  // U+4FE1 '信'
  {  4717,  28,  29,  31,    1,  -23 },  // U+5145 '充'
  {  4819,  29,  26,  31,    1,  -21 },  // U+5165 '入'
  {  4914,  28,  26,  31,    1,  -22 },  // U+516B '八'
  {  5005,  27,  27,  31,    2,  -22 },  // U+516D '六'
  {  5097,  23,  28,  31,    4,  -23 },  // U+5185 '内'
  {  5178,  24,  28,  31,    3,  -23 },  // U+51FA '出'
  {  5262,  29,  28,  31,    1,  -23 },  // U+5206 '分'
  {  5364,  26,  29,  31,    2,  -23 },  // U+5230 '到'
  {  5459,  28,  29,  31,    1,  -23 },  // U+52A8 '动'
  {  5561,  28,  29,  31,    1,  -23 },  // U+5341 '十'
  {  5663,  27,  28,  31,    2,  -23 },  // U+5343 '千'
  {  5758,  29,  26,  31,    0,  -20 },  // U+538B '压'
  {  5853,  27,  27,  31,    2,  -22 },  // U+53EF '可'
  {  5945,  27,  27,  31,    2,  -22 },  // U+53F7 '号'
  {  6037,  24,  27,  31,    4,  -22 },  // U+540C '同'
  {  6118,  29,  27,  31,    1,  -22 },  // U+540E '后'
  {  6216,  26,  29,  31,    2,  -23 },  // U+542F '启'
  {  6311,  27,  28,  31,    1,  -22 },  // U+5468 '周'
  {  6406,  29,  28,  31,    1,  -23 },  // U+5668 '器'
  {  6508,  23,  24,  31,    4,  -20 },  // U+56DB '四'
  {  6577,  28,  29,  31,    1,  -23 },  // U+5728 '在'
  {  6679,  28,  30,  31,    2,  -24 },  // U+590D '复'
  {  6784,  29,  29,  31,    1,  -23 },  // U+5916 '外'
  {  6890,  27,  29,  31,    2,  -23 },  // U+5931 '失'
  {  6988,  29,  29,  31,    1,  -23 },  // U+597D '好'
  {  7094,  28,  30,  31,    2,  -24 },  // U+5B58 '存'
  {  7199,  28,  28,  31,    1,  -23 },  // U+5B8C '完'
  {  7297,  27,  27,  31,    2,  -23 },  // U+5BA4 '室'
  {  7389,  26,  29,  31,    3,  -23 },  // U+5BC6 '密'
  {  7484,  25,  25,  31,    3,  -21 },  // U+5DF2 '已'
  {  7563,  29,  30,  31,    1,  -24 },  // U+5EA6 '度'
  {  7672,  27,  26,  31,    2,  -21 },  // U+5F00 '开'
  {  7760,  26,  28,  31,    2,  -22 },  // U+5F31 '弱'
  {  7851,  28,  27,  31,    2,  -22 },  // U+5F3A '强'
  {  7946,  29,  29,  31,    1,  -23 },  // U+5F88 '很'
  {  8052,  29,  29,  31,    1,  -23 },  // U+6062 '恢'
  {  8158,  28,  28,  31,    1,  -23 },  // U+611F '感'
  {  8256,  29,  28,  31,    1,  -23 },  // U+6210 '成'
  {  8358,  27,  28,  31,    2,  -23 },  // U+6216 '或'
  {  8453,  29,  28,  31,    1,  -23 },  // U+6253 '打'
  {  8555,  28,  28,  31,    1,  -23 },  // U+627E '找'
  {  8653,  29,  29,  31,    1,  -24 },  // U+6309 '按'
  {  8759,  29,  30,  31,    1,  -24 },  // U+63A5 '接'
  {  8868,  28,  30,  31,    2,  -24 },  // U+65B0 '新'
  {  8973,  27,  26,  31,    2,  -21 },  // U+65E0 '无'
  {  9061,  20,  25,  31,    5,  -21 },  // U+65E5 '日'
  {  9124,  26,  28,  31,    3,  -23 },  // U+65F6 '时'
  {  9215,  27,  26,  31,    2,  -22 },  // U+661F '星'
  {  9303,  27,  28,  31,    2,  -22 },  // U+66F4 '更'
  {  9398,  23,  28,  31,    2,  -22 },  // U+6708 '月'
  {  9479,  28,  28,  31,    1,  -23 },  // U+671F '期'
  {  9577,  28,  29,  31,    2,  -23 },  // U+672A '未'
  {  9679,  29,  29,  31,    1,  -23 },  // U+6781 '极'
  {  9785,  27,  28,  31,    2,  -23 },  // U+67D3 '染'
  {  9880,  29,  28,  31,    1,  -23 },  // U+67E5 '查'
  {  9982,  30,  28,  31,    0,  -23 },  // U+6807 '标'
  { 10087,  29,  29,  31,    1,  -23 },  // U+68C0 '检'
  { 10193,  29,  29,  31,    1,  -24 },  // U+6B21 '次'
  { 10299,  27,  29,  31,    2,  -23 },  // U+6B65 '步'
  { 10397,  29,  29,  31,    1,  -23 },  // U+6C14 '气'
  { 10503,  29,  28,  31,    1,  -23 },  // U+6C60 '池'
  { 10605,  28,  27,  31,    2,  -22 },  // U+6C61 '污'
  { 10700,  29,  30,  31,    1,  -24 },  // U+6D77 '海'
  { 10809,  29,  27,  31,    1,  -22 },  // U+6E29 '温'
  { 10907,  29,  27,  31,    1,  -22 },  // U+6E7F '湿'
  { 11005,  27,  28,  31,    1,  -23 },  // U+70B9 '点'
  { 11100,  30,  28,  31,    1,  -23 },  // U+70ED '热'
  { 11205,  26,  28,  31,    2,  -22 },  // U+7528 '用'
  { 11296,  26,  28,  31,    3,  -23 },  // U+7535 '电'
  { 11387,  19,  27,  31,    6,  -22 },  // U+76EE '目'
  { 11452,  28,  27,  31,    1,  -21 },  // U+7801 '码'
  { 11547,  28,  29,  31,    1,  -23 },  // U+79C0 '秀'
  { 11649,  27,  27,  31,    2,  -23 },  // U+7A7A '空'
  { 11741,  28,  30,  31,    1,  -24 },  // U+7B49 '等'
  { 11846,  28,  29,  31,    1,  -23 },  // U+7C73 '米'
  { 11948,  27,  28,  31,    2,  -23 },  // U+7D2B '紫'
  { 12043,  29,  29,  31,    1,  -23 },  // U+7EBF '线'
  { 12149,  29,  28,  31,    1,  -23 },  // U+7EDC '络'
  { 12251,  24,  27,  31,    3,  -22 },  // U+7F51 '网'
  { 12332,  27,  28,  31,    2,  -23 },  // U+80FD '能'
  { 12427,  21,  28,  31,    5,  -23 },  // U+81EA '自'
  { 12501,  25,  29,  31,    5,  -23 },  // U+826F '良'
  { 12592,  28,  29,  31,    2,  -23 },  // U+843D '落'
  { 12694,  28,  27,  31,    1,  -22 },  // U+89C1 '见'
  { 12789,  29,  29,  31,    1,  -23 },  // U+8BD5 '试'
  { 12895,  29,  29,  31,    1,  -23 },  // U+8BEF '误'
  { 13001,  29,  30,  31,    1,  -24 },  // U+8BF7 '请'
  { 13110,  27,  29,  31,    2,  -23 },  // U+8C61 '象'
  { 13208,  30,  30,  31,    0,  -24 },  // U+8D25 '败'
  { 13321,  29,  29,  31,    1,  -23 },  // U+8D28 '质'
  { 13427,  28,  28,  31,    1,  -23 },  // U+8D85 '超'
  { 13525,  29,  29,  31,    1,  -23 },  // U+8F7B '轻'
  { 13631,  28,  29,  31,    2,  -23 },  // U+8FDB '进'
  { 13733,  29,  29,  31,    1,  -23 },  // U+8FDE '连'
  { 13839,  29,  27,  31,    1,  -22 },  // U+9000 '退'
  { 13937,  29,  27,  31,    1,  -22 },  // U+914D '配'
  { 14035,  27,  27,  31,    2,  -23 },  // U+91CD '重'
  { 14127,  28,  25,  31,    1,  -22 },  // U+91CF '量'
  { 14215,  28,  29,  31,    1,  -23 },  // U+949F '钟'
  { 14317,  29,  30,  31,    1,  -24 },  // U+9519 '错'
  { 14426,  30,  29,  31,    0,  -23 },  // U+952E '键'
  { 14535,  25,  29,  31,    3,  -23 },  // U+95F4 '间'
  { 14626,  29,  26,  31,    1,  -22 },  // U+98CE '风'
  { 14721,   5,  13,  31,    5,  -12 }  // U+FF1A '：'
};

uint16_t Dengb_16pt8bChinese_code[] = {
  0x00B0, 0x4E00, 0x4E03, 0x4E09, 0x4E0A, 0x4E0B, 0x4E0D, 0x4E25,
  0x4E2D, 0x4E5D, 0x4E8C, 0x4E94, 0x4F18, 0x4F4D, 0x4F4E, 0x4F53,
  0x4FDD, 0x4FE1, 0x5145, 0x5165, 0x516B, 0x516D, 0x5185, 0x51FA,
  0x5206, 0x5230, 0x52A8, 0x5341, 0x5343, 0x538B, 0x53EF, 0x53F7,
  0x540C, 0x540E, 0x542F, 0x5468, 0x5668, 0x56DB, 0x5728, 0x590D,
  0x5916, 0x5931, 0x597D, 0x5B58, 0x5B8C, 0x5BA4, 0x5BC6, 0x5DF2,
  0x5EA6, 0x5F00, 0x5F31, 0x5F3A, 0x5F88, 0x6062, 0x611F, 0x6210,
  0x6216, 0x6253, 0x627E, 0x6309, 0x63A5, 0x65B0, 0x65E0, 0x65E5,
  0x65F6, 0x661F, 0x66F4, 0x6708, 0x671F, 0x672A, 0x6781, 0x67D3,
  0x67E5, 0x6807, 0x68C0, 0x6B21, 0x6B65, 0x6C14, 0x6C60, 0x6C61,
  0x6D77, 0x6E29, 0x6E7F, 0x70B9, 0x70ED, 0x7528, 0x7535, 0x76EE,
  0x7801, 0x79C0, 0x7A7A, 0x7B49, 0x7C73, 0x7D2B, 0x7EBF, 0x7EDC,
  0x7F51, 0x80FD, 0x81EA, 0x826F, 0x843D, 0x89C1, 0x8BD5, 0x8BEF,
  0x8BF7, 0x8C61, 0x8D25, 0x8D28, 0x8D85, 0x8F7B, 0x8FDB, 0x8FDE,
  0x9000, 0x914D, 0x91CD, 0x91CF, 0x949F, 0x9519, 0x952E, 0x95F4,
  0x98CE, 0xFF1A
};

const ChineseGFXfont Dengb_16pt8b PROGMEM = {
  (uint8_t  *) Dengb_16pt8bBitmaps,
  (GFXglyph *) Dengb_16pt8bGlyphs,
  (uint16_t *) Dengb_16pt8bChinese_code,
  0x20, 0x00F8, 32, 122
};

// Approx. 16509 bytes; bitmap payload 14730 bytes.
